url,time_appconnect,time_connect,time_namelookup,time_pretransfer,time_redirect,time_starttransfer,time_total,remote_ip,remote_port
www.google.com,0.0,76.408,63.967999999999996,76.481,0.0,128.924,140.97299999999998,142.250.181.196,80
www.microsoft.com,0.0,30.998,13.176,31.124,0.0,64.489,122.224,88.221.169.152,80
www.facebook.com,0.0,18.051000000000002,4.781,18.113,0.0,33.707,33.745,157.240.0.35,80
www.amazonaws.com,0.0,115.051,11.667,115.134,0.0,219.777,219.905,72.21.210.29,80
www.apple.com,0.0,11.76,3.9610000000000003,11.802999999999999,0.0,22.064,22.155,2.16.252.237,80
www.mail.ru,0.0,100.088,52.229,100.218,0.0,148.811,148.96400000000003,217.69.139.70,80
www.youtube.com,0.0,19.283,6.17,19.352,0.0,82.429,82.488,142.251.209.142,80
www.dzen.ru,0.0,106.75800000000001,56.831,106.872,0.0,156.81,156.85399999999998,62.217.160.2,80
www.googleapis.com,0.0,17.531000000000002,5.5120000000000005,17.588,0.0,132.916,133.06699999999998,172.217.19.74,80
www.azure.com,0.0,154.26000000000002,25.731,154.351,0.0,282.45,282.492,20.112.250.133,80
www.twitter.com,0.0,31.453000000000003,12.893999999999998,31.531999999999996,0.0,148.938,149.007,104.244.42.1,80
www.instagram.com,0.0,18.191,4.571000000000001,18.289,0.0,32.668,32.717000000000006,157.240.0.174,80
www.cloudflare.com,0.0,8.71,4.7219999999999995,8.766,0.0,35.42,35.511,104.16.124.96,80
www.gstatic.com,0.0,14.302999999999999,1.531,14.347999999999999,0.0,33.956,34.103,172.217.16.67,80
www.office.com,0.0,24.889000000000003,4.356,25.003,0.0,46.708,46.754,13.107.6.156,80
www.linkedin.com,0.0,7.827000000000001,4.329000000000001,7.8580000000000005,0.0,201.79500000000002,201.888,172.64.146.215,80
www.live.com,0.0,28.034,13.399,28.067999999999998,0.0,43.861999999999995,43.935,204.79.197.212,80
www.googletagmanager.com,0.0,16.579,4.292,16.614,0.0,49.428,49.497,142.250.181.200,80
www.googlevideo.com,0.0,21.753999999999998,4.802,21.791,0.0,50.815,50.935,142.251.143.36,80
www.doubleclick.net,0.0,24.311,11.82,24.354,0.0,45.24100000000001,45.316,142.251.209.142,80
www.fbcdn.net,0.0,19.964,6.592,20.044,0.0,35.767,35.812999999999995,157.240.252.35,80
www.amazon.com,0.0,20.655,12.695,20.697,0.0,34.902,34.952999999999996,2.16.193.174,80
www.googleusercontent.com,0.0,20.386000000000003,3.9899999999999998,20.432,0.0,51.448,51.539,142.250.180.97,80
www.wikipedia.org,0.0,24.502,4.717,24.547,0.0,45.159,45.218,185.15.59.224,80
www.bing.com,0.0,12.831999999999999,4.5360000000000005,12.902000000000001,0.0,68.985,100.628,2.16.204.145,80
www.fastly.net,0.0,50.107,31.801999999999996,50.249,0.0,68.717,68.767,151.101.1.6,80
www.wordpress.org,0.0,123.87299999999999,12.773,124.003,0.0,234.783,234.91600000000003,198.143.164.252,80
www.icloud.com,0.0,7.901,4.311,7.992000000000001,0.0,51.418,51.474,23.63.120.157,80
www.sharepoint.com,0.0,267.65299999999996,4.53,267.77,0.0,1639.551,1639.621,20.70.246.20,80
www.github.com,0.0,43.636,26.962,43.68,0.0,60.31,60.351,140.82.121.4,80
www.netflix.com,0.0,38.491,4.7219999999999995,38.546,0.0,76.05499999999999,76.119,54.155.178.5,80
www.pinterest.com,0.0,23.86,6.298,23.967,0.0,50.921,51.072,151.101.64.84,80
www.yahoo.com,0.0,20.644,3.932,20.7,0.0,39.291,39.440000000000005,87.248.119.252,80
www.digicert.com,0.0,18.738999999999997,6.413,18.783,0.0,31.723000000000003,31.767999999999997,45.60.123.229,80
www.appsflyersdk.com,0.0,51.239,30.877000000000002,51.331,0.0,73.387,73.573,18.239.38.59,80
www.adobe.com,0.0,25.112,4.224,25.2,0.0,280.86,280.981,92.123.74.26,80
www.goo.gl,0.0,48.550000000000004,34.405,48.665,0.0,85.049,85.194,142.251.209.142,80
www.windows.net,0.0,172.381,5.037,172.46200000000002,0.0,331.807,331.87699999999995,20.236.44.162,80
www.spotify.com,0.0,16.965999999999998,4.2139999999999995,17.085,0.0,37.336,37.392,35.186.224.24,80
www.vimeo.com,0.0,19.523,15.431000000000001,19.608,0.0,52.15,52.23,162.159.128.61,80
www.tiktokv.com,0.0,21.641000000000002,14.095999999999998,21.8,0.0,556.389,556.557,2.16.206.24,80
www.skype.com,0.0,18.098,4.211,18.152,0.0,34.44,35.177,52.113.194.133,80
www.whatsapp.com,0.0,14.63,4.444,14.661999999999999,0.0,25.237,25.353,157.240.210.60,80
www.google-analytics.com,0.0,16.88,3.933,16.921,0.0,35.899,36.022,142.250.181.206,80
www.bit.ly,0.0,44.637,30.736,44.718,0.0,146.815,146.96300000000002,67.199.248.11,80
www.msn.com,0.0,18.631999999999998,4.138,18.721999999999998,0.0,34.417,34.464,204.79.197.203,80
www.zoom.us,0.0,17.081,13.065999999999999,17.116,0.0,135.237,135.388,170.114.52.2,80
www.wordpress.com,0.0,29.237,12.22,29.284000000000002,0.0,46.89,46.949,192.0.78.13,80
www.gandi.net,0.0,70.905,53.223,71.01100000000001,0.0,90.0,90.06599999999999,151.101.1.103,80
www.nic.ru,0.0,1107.084,52.858000000000004,1107.175,0.0,1349.928,1350.004,31.177.80.4,80
www.yandex.net,0.0,149.06,86.91799999999999,149.143,0.0,220.674,220.781,213.180.204.242,80
www.ntp.org,0.0,128.086,11.807,128.12,0.0,450.981,458.05,204.93.207.22,80
www.cloudflare.net,0.0,18.256999999999998,13.843,18.353,0.0,267.312,268.132,104.16.208.90,80
www.office365.com,0.0,137.603,12.144,137.691,0.0,264.73999999999995,264.809,104.43.221.31,80
www.roblox.com,0.0,29.532,12.434000000000001,29.604,0.0,46.913000000000004,46.968999999999994,128.116.44.4,80
www.tiktok.com,0.0,13.482,5.307,13.571,0.0,29.375,29.435,23.193.116.194,80
www.qq.com,0.0,30.481,3.862,30.517,0.0,438.23400000000004,438.417,43.152.186.225,80
www.edgekey.net,0.0,29.726,21.950999999999997,29.805000000000003,0.0,295.508,295.662,104.70.124.5,80
www.blogspot.com,0.0,50.699,32.577000000000005,50.774,0.0,646.888,647.029,142.251.143.41,80
www.mozilla.org,0.0,21.950999999999997,3.858,22.014,0.0,40.61,40.647000000000006,151.101.129.91,80
www.reddit.com,0.0,22.700000000000003,4.505,22.735,0.0,42.436,42.516,151.101.1.140,80
www.unity3d.com,0.0,47.825,39.363,47.93,0.0,9063.262,9063.323,104.101.254.214,80
www.opera.com,0.0,27.959999999999997,13.964,28.04,0.0,43.069,43.261,3.127.182.32,80
www.comcast.net,0.0,137.129,129.158,137.189,0.0,151.147,151.189,104.102.7.249,80
www.x.com,0.0,29.61,11.723,29.695,0.0,147.089,147.147,104.244.42.129,80
www.googleadservices.com,0.0,16.313000000000002,4.213,16.351000000000003,0.0,34.501,34.611000000000004,172.217.19.66,80
www.baidu.com,0.0,276.663,18.463,276.765,0.0,547.99,548.253,103.235.46.96,80
www.googledomains.com,0.0,33.662,21.663999999999998,33.702000000000005,0.0,53.172,53.387,216.239.32.29,80
www.snapchat.com,0.0,24.126,11.952,24.209999999999997,0.0,36.937999999999995,36.969,34.149.46.130,80
www.europa.eu,0.0,62.837,42.333000000000006,62.89699999999999,0.0,88.421,88.577,147.67.34.25,80
www.intuit.com,0.0,38.488,30.752000000000002,38.563,0.0,233.06799999999998,233.132,104.102.10.217,80
www.samsung.com,0.0,8.289,4.452,8.34,0.0,32.796,32.881,104.108.144.59,80
www.dropbox.com,0.0,7.543,3.8,7.6129999999999995,0.0,12.293999999999999,12.338,162.125.72.18,80
www.t.me,0.0,40.057,19.812,40.179,0.0,60.972,61.086,149.154.167.99,80
www.lencr.org,0.0,27.227,11.783999999999999,27.344,0.0,42.736000000000004,42.881,3.125.36.175,80
www.outlook.com,0.0,17.848,4.8580000000000005,17.935,0.0,33.758,33.79,52.98.239.162,80
www.nih.gov,0.0,138.102,130.031,138.181,0.0,149.60000000000002,149.664,2.16.206.201,80
www.macromedia.com,0.0,46.654,38.071,46.714,0.0,195.95499999999998,196.12099999999998,2.16.206.21,80
www.gravatar.com,0.0,22.766000000000002,4.7010000000000005,22.819,0.0,40.596000000000004,40.708,192.0.73.2,80
www.vk.com,0.0,73.151,38.918,73.212,0.0,108.789,108.848,93.186.225.194,80
www.tumblr.com,0.0,28.009,12.469,28.065,0.0,43.971000000000004,44.074000000000005,192.0.77.40,80
www.mts.ru,0.0,31.666,13.122,31.771,0.0,188.70999999999998,188.777,178.248.237.216,80
www.github.io,0.0,24.522,4.353,24.564,0.0,44.970000000000006,45.009,185.199.108.153,80
www.ui.com,0.0,26.435,12.043,26.471,0.0,41.393,41.478,18.245.60.87,80
www.sentry.io,0.0,36.739000000000004,23.133999999999997,36.802,0.0,51.311,51.348,34.160.100.224,80
www.windows.com,0.0,50.784000000000006,13.200999999999999,50.836,0.0,70.405,70.483,20.76.201.171,80
www.userapi.com,0.0,80.28699999999999,46.471,80.333,0.0,114.76899999999999,114.887,87.240.190.64,80
www.workers.dev,0.0,15.521999999999998,11.867,15.566,0.0,36.821,36.932,104.18.12.15,80
www.telecid.ru,0.0,99.225,54.877,99.316,0.0,144.927,145.07600000000002,89.108.82.15,80
www.nytimes.com,0.0,22.499000000000002,4.97,22.568,0.0,49.54,49.61,151.101.193.164,80
www.forms.gle,0.0,105.162,86.744,105.27499999999999,0.0,124.675,124.75999999999999,199.36.158.100,80
www.apache.org,0.0,29.619,12.116999999999999,29.686,0.0,49.257000000000005,49.318,151.101.2.132,80
www.msftncsi.com,0.0,9.643,5.876,9.705,0.0,14.085,14.194,2.22.241.49,80
www.paypal.com,0.0,22.775,5.2509999999999994,22.808,0.0,43.757,43.825,151.101.193.21,80
www.criteo.com,0.0,37.301,19.567,37.416,0.0,66.446,66.518,23.185.0.4,80
www.xiaomi.com,0.0,24.564,4.271,24.622,0.0,525.015,525.103,20.47.97.231,80
www.flickr.com,0.0,31.773000000000003,12.452,31.863000000000003,0.0,51.909,52.026999999999994,18.239.79.109,80
www.archive.org,0.0,163.192,11.937,163.281,0.0,4417.671,4417.865,207.241.224.2,80
www.epicgames.com,0.0,12.061,7.8,12.11,0.0,29.029,29.099,104.18.20.94,80
www.pki.goog,0.0,25.586000000000002,13.044,25.68,0.0,40.459,40.532,142.250.181.206,80
www.applovin.com,0.0,26.372,22.105,26.421,0.0,319.801,319.943,141.193.213.21,80
www.nist.gov,0.0,119.004,12.224,119.118,0.0,226.702,226.86,34.205.14.79,80
www.medium.com,0.0,18.076999999999998,14.317,18.169999999999998,0.0,40.507,40.647000000000006,162.159.152.4,80
www.webex.com,0.0,41.174,37.394999999999996,41.259,0.0,52.816,52.867999999999995,23.63.143.55,80
www.miit.gov.cn,0.0,1202.599,1009.6179999999999,1202.696,0.0,1425.1979999999999,1425.351,111.62.149.129,80
www.forbes.com,0.0,29.571,11.772,29.619,0.0,58.407000000000004,58.476,151.101.129.55,80
www.cnn.com,0.0,29.509,11.708,29.564,0.0,58.345,58.445,151.101.3.5,80
www.casalemedia.com,0.0,127.41900000000001,13.705,127.54599999999999,0.0,242.125,243.04500000000002,8.36.162.206,80
www.soundcloud.com,0.0,94.531,60.016,94.663,0.0,180.793,180.835,3.164.85.117,80
www.meraki.com,0.0,86.72,73.36800000000001,86.785,0.0,101.55799999999999,101.62100000000001,18.245.86.14,80
www.t.co,0.0,48.972,45.53,49.019,0.0,68.665,68.729,162.159.140.229,80
www.wildberries.ru,0.0,42.293,11.011,42.375,0.0,74.009,74.157,185.62.202.2,80
www.miui.com,0.0,298.674,31.142,298.72900000000004,0.0,566.4449999999999,566.6060000000001,47.236.75.113,80
www.theguardian.com,0.0,30.085,12.638,30.131999999999998,0.0,49.314,49.431999999999995,151.101.193.111,80
www.nginx.org,0.0,25.493,12.18,25.548000000000002,0.0,39.112,39.196000000000005,3.125.197.172,80
www.adriver.ru,0.0,87.378,54.737,87.446,0.0,120.217,120.354,195.209.108.82,80
www.omtrdc.net,0.0,189.953,12.712,190.04,0.0,374.535,374.647,192.147.130.204,80
www.myfritz.net,0.0,9.705,5.186,9.748,0.0,15.604,15.63,212.42.244.100,80
www.shifen.com,0.0,1056.928,873.797,1056.981,0.0,1244.661,1244.7220000000002,182.61.62.50,80
www.ebay.com,0.0,19.232,11.895,19.269000000000002,0.0,48.471000000000004,48.507000000000005,2.16.193.24,80
www.taboola.com,0.0,38.271,20.698,38.357,0.0,57.109,57.164,151.101.1.44,80
www.android.com,0.0,23.907999999999998,12.01,23.944,0.0,37.24,37.299,172.217.16.78,80
www.w3.org,0.0,7.373,3.7369999999999997,7.436,0.0,27.990000000000002,28.133,104.18.23.19,80
www.doubleverify.com,0.0,37.308,19.637999999999998,37.398,0.0,55.483,55.549,192.0.66.192,80
www.adobe.io,0.0,30.999,13.155999999999999,31.081999999999997,0.0,50.658,50.713,151.101.2.122,80
www.gmail.com,0.0,25.094,12.423,25.177999999999997,0.0,39.03,39.114999999999995,142.251.209.133,80
www.sciencedirect.com,0.0,16.237000000000002,12.517,16.312,0.0,129.885,216.712,162.159.136.70,80
www.demdex.net,0.0,44.987,13.434,45.079,0.0,78.781,78.844,18.202.12.246,80
www.yandex.ru,0.0,52.083999999999996,4.8919999999999995,52.138999999999996,0.0,115.419,115.503,77.88.55.88,80
www.kaspersky.com,0.0,132.105,116.812,132.157,0.0,147.748,147.93,185.85.15.46,80
www.nginx.com,0.0,62.95199999999999,43.165,62.983,0.0,102.248,102.306,159.60.134.0,80
www.bbc.co.uk,0.0,31.435,12.974,31.502000000000002,0.0,54.607,54.726,151.101.0.81,80
www.creativecommons.org,0.0,26.284,16.172,26.322000000000003,0.0,58.723,58.853,104.20.6.134,80
www.bbc.com,0.0,31.31,13.065,31.357999999999997,0.0,56.06,56.094,151.101.192.81,80
www.t-online.de,0.0,39.265,4.328,39.319,0.0,75.609,75.773,18.161.97.99,80
www.twitch.tv,0.0,30.948,12.777999999999999,31.028,0.0,66.24199999999999,66.295,151.101.2.214,80
www.cisco.com,0.0,19.779,11.934999999999999,19.879,0.0,35.91,35.983000000000004,2.16.193.50,80
www.rubiconproject.com,0.0,195.882,73.385,195.969,0.0,320.227,320.403,35.192.120.101,80
www.ozon.ru,0.0,54.475,13.366,54.562,0.0,95.764,95.879,185.73.194.82,80
www.sourceforge.net,0.0,15.890999999999998,12.113000000000001,15.953999999999999,0.0,241.901,242.061,104.18.37.111,80
www.ivi.ru,0.0,29.572000000000003,12.774000000000001,29.648,0.0,121.30499999999999,121.458,80.67.43.65,80
www.imdb.com,0.0,38.689,12.655,38.733999999999995,0.0,65.85199999999999,65.94999999999999,52.222.179.110,80
www.mit.edu,0.0,40.384,32.716,40.489999999999995,0.0,56.22,56.284,104.102.9.251,80
www.amazonvideo.com,0.0,42.632999999999996,28.308,42.668,0.0,58.333999999999996,58.4,18.66.102.53,80
www.roku.com,0.0,16.595,12.768,16.653000000000002,0.0,74.313,74.444,162.159.136.11,80
www.msftconnecttest.com,0.0,79.67399999999999,70.032,79.759,0.0,90.069,90.23,88.221.123.218,80
www.shopify.com,0.0,19.133,13.241,19.221999999999998,0.0,36.239,36.419,185.146.173.20,80
www.researchgate.net,0.0,16.285999999999998,12.676,16.327,0.0,31.516000000000002,31.593000000000004,172.64.146.247,80
www.scorecardresearch.com,0.0,113.02,12.213,113.11,0.0,256.821,257.038,165.193.78.252,80
www.ubuntu.com,0.0,47.175000000000004,25.44,47.228,0.0,70.32,70.419,185.125.190.20,80
www.salesforce.com,0.0,23.006,14.75,23.078999999999997,0.0,45.343,45.41,2.16.206.201,80
www.b-cdn.net,0.0,42.480999999999995,24.434,42.589,0.0,61.259,61.726000000000006,169.150.247.39,80
www.ring.com,0.0,42.589,28.570999999999998,42.702999999999996,0.0,57.361000000000004,57.467,18.173.205.45,80
www.who.int,0.0,19.579,15.615,19.653,0.0,114.189,114.30999999999999,192.133.11.1,80
www.youtube-nocookie.com,0.0,16.692,4.529,16.728,0.0,43.5,43.558,172.217.19.78,80
www.hubspot.com,0.0,17.897,13.777,17.964000000000002,0.0,34.476,34.622,172.64.148.142,80
www.doi.org,0.0,62.006,36.249,62.099000000000004,0.0,88.80300000000001,88.926,18.155.145.50,80
www.pubmatic.com,0.0,48.944,34.969,48.988,0.0,65.402,65.50699999999999,18.245.46.16,80
www.wikimedia.org,0.0,41.966,21.843,42.050999999999995,0.0,62.46,62.512,185.15.59.224,80
www.googleblog.com,0.0,49.15,32.471,49.243,0.0,172.39499999999998,172.54,142.250.180.97,80
www.wixsite.com,0.0,51.85,38.839,51.932,0.0,66.078,66.136,34.144.206.118,80
www.canva.com,0.0,19.419,5.405,19.508000000000003,0.0,40.262,40.38,104.16.103.112,80
www.launchdarkly.com,0.0,20.747999999999998,5.273,20.796,0.0,37.028999999999996,37.111,3.75.10.80,80
www.go.com,0.0,26.724999999999998,12.48,26.786,0.0,42.024,42.11,13.224.189.37,80
www.tinyurl.com,0.0,11.212,7.4,11.31,0.0,38.621,38.733999999999995,104.17.112.233,80
www.linktr.ee,0.0,48.424,30.336,48.501000000000005,0.0,67.689,67.745,151.101.2.133,80
www.hp.com,0.0,19.523,12.104999999999999,19.579,0.0,181.535,182.185,2.16.206.217,80
www.ampproject.org,0.0,41.229,23.381,41.289,0.0,59.721000000000004,59.796,199.36.158.100,80
www.issuu.com,0.0,54.717,37.176,54.802,0.0,75.776,75.861,151.101.1.55,80
www.slack.com,0.0,28.965999999999998,13.529,29.049,0.0,43.61,43.723,3.68.124.95,80
www.businessinsider.com,0.0,38.016,20.462999999999997,38.064,0.0,65.386,65.47,151.101.1.171,80
www.booking.com,0.0,17.203,3.6879999999999997,17.250999999999998,0.0,31.788999999999998,31.842000000000002,18.245.60.7,80
www.example.com,0.0,97.348,3.6,97.439,0.0,193.463,193.579,93.184.215.14,80
www.cdc.gov,0.0,36.649,32.550000000000004,36.733000000000004,0.0,52.382,52.454,23.63.114.8,80
www.godaddy.com,0.0,22.218999999999998,14.38,22.272,0.0,51.35,51.436,2.16.252.11,80
www.oracle.com,0.0,20.875999999999998,12.91,20.956,0.0,51.988,52.06,2.16.253.81,80
www.grammarly.com,0.0,42.757999999999996,28.224,42.849,0.0,57.977000000000004,58.087,108.138.7.110,80
www.crashlytics.com,0.0,26.221,13.327,26.275,0.0,41.059,41.118,142.251.209.142,80
www.opendns.com,0.0,113.318,12.952,113.37899999999999,0.0,214.17,214.31,146.112.62.105,80
www.discord.com,0.0,23.212,18.676000000000002,23.268,0.0,36.121,36.22,162.159.128.233,80
www.taobao.com,0.0,19.592,4.37,19.651,0.0,1990.172,1990.36,163.181.92.212,80
www.harvard.edu,0.0,63.20399999999999,47.59,63.29600000000001,0.0,79.47,79.604,192.0.66.20,80
www.weebly.com,0.0,15.963999999999999,11.691999999999998,16.035,0.0,269.583,269.76,74.115.51.6,80
www.xserver.jp,0.0,549.59,281.082,549.7030000000001,0.0,818.2230000000001,818.38,202.226.36.238,80
www.telekom.net,0.0,54.019,21.028000000000002,54.103,0.0,104.267,104.32600000000001,80.158.66.24,80
www.appsflyer.com,0.0,45.164,29.23,45.244,0.0,60.93,61.092,18.245.31.98,80
www.mzstatic.com,0.0,122.596,12.377,122.672,0.0,232.02800000000002,232.10500000000002,17.253.142.4,80
www.reuters.com,0.0,61.044000000000004,27.192,61.125,0.0,95.348,95.474,3.160.196.31,80
www.espn.com,0.0,26.809,12.989,26.903,0.0,232.02900000000002,232.317,13.32.121.66,80
www.adsrvr.org,0.0,64.672,49.264,64.77,0.0,80.11999999999999,80.285,18.245.46.56,80
www.wiley.com,0.0,140.809,133.693,140.89,0.0,220.54299999999998,220.625,104.18.42.79,80
www.stripe.com,0.0,78.254,45.382,78.34,0.0,110.512,110.631,18.202.131.124,80
www.mtgglobals.com,0.0,354.3,319.941,354.38599999999997,0.0,408.782,411.191,3.164.182.12,80
www.google.com.br,0.0,24.692,12.331,24.739,0.0,76.70100000000001,88.732,142.250.181.195,80
www.avast.com,0.0,20.611,12.593,20.712,0.0,37.037,37.099,23.215.121.122,80
www.drom.ru,0.0,103.041,86.65100000000001,103.132,0.0,15728.225,15728.371,185.65.149.115,80
www.amazon.co.uk,0.0,88.522,73.886,88.608,0.0,103.67,103.821,3.160.153.199,80
www.nasa.gov,0.0,31.08,12.378,31.168000000000003,0.0,50.224,50.351,192.0.66.108,80
www.discord.gg,0.0,9.988999999999999,5.66,10.032,0.0,24.906000000000002,24.967,162.159.135.234,80
www.arubanetworks.com,0.0,113.074,108.78,113.14,0.0,125.611,125.77499999999999,23.63.112.129,80
www.dailymail.co.uk,0.0,35.01,14.525,35.132,0.0,65.576,65.638,92.122.77.172,80
www.slideshare.net,0.0,24.273,5.976999999999999,24.305,0.0,51.575,51.631,151.101.2.152,80
www.media.net,0.0,223.686,120.838,223.802,0.0,327.20700000000005,327.837,3.226.3.35,80
www.online.net,0.0,47.648,18.568,47.754999999999995,0.0,76.82799999999999,76.881,51.159.69.144,80
www.sharethrough.com,0.0,36.367999999999995,13.07,36.425,0.0,60.247,60.328,35.152.104.113,80
www.weibo.com,0.0,678.384,466.049,678.4780000000001,0.0,891.163,891.2900000000001,36.51.224.126,80
www.appcenter.ms,0.0,39.239000000000004,26.82,39.318,0.0,242.684,242.784,13.107.246.44,80
www.steampowered.com,0.0,102.992,98.755,103.08399999999999,0.0,274.561,274.72200000000004,104.81.6.49,80
www.netangels.ru,0.0,100.852,81.025,100.938,0.0,282.97299999999996,283.06399999999996,213.189.223.5,80
www.openai.com,0.0,12.517,8.047,12.603,0.0,39.671,39.760999999999996,104.18.33.45,80
www.ibm.com,0.0,14.386,10.233,14.487,0.0,33.834,33.878,104.81.4.148,80
www.nature.com,0.0,34.745,16.897,34.823,0.0,53.589999999999996,53.809999999999995,151.101.0.95,80
www.bloomberg.com,0.0,31.234,13.084,31.311,0.0,50.824,50.881,151.101.193.73,80
www.usatoday.com,0.0,38.862,20.747,38.973,0.0,58.321,58.389,151.101.2.62,80
www.reg.ru,0.0,60.102999999999994,4.841,60.206999999999994,0.0,243.74599999999998,243.88299999999998,194.67.72.31,80
www.wsj.com,0.0,38.459,4.988,38.523,0.0,73.437,73.56,52.222.144.41,80
www.nease.net,0.0,680.336,519.439,680.4409999999999,0.0,841.82,841.932,59.111.129.134,80
www.googletagservices.com,0.0,20.581,3.899,20.676,0.0,48.328,48.445,142.250.180.98,80
www.telegraph.co.uk,0.0,9.876,5.54,9.912,0.0,32.319,32.351,104.121.146.41,80
www.smartadserver.com,0.0,142.89,118.46900000000001,142.987,0.0,167.458,167.52100000000002,89.149.193.96,80
www.inmobi.com,0.0,104.337,9.171000000000001,104.442,0.0,199.827,199.929,20.81.69.107,80
www.azurefd.net,0.0,42.095,29.572999999999997,42.189,0.0,55.665,55.863,13.107.246.45,80
www.un.org,0.0,44.073,10.543000000000001,44.149,0.0,78.361,78.518,3.160.196.51,80
www.springer.com,0.0,22.818,4.904999999999999,22.901999999999997,0.0,43.882,44.001,151.101.128.95,80
www.etsy.com,0.0,22.388,4.502,22.476,0.0,44.617999999999995,44.949000000000005,151.101.129.224,80
www.1c.ru,0.0,114.246,95.312,114.324,0.0,138.627,138.77800000000002,185.12.152.144,80
www.pages.dev,0.0,30.814,16.879,30.911,0.0,109.83900000000001,109.966,188.114.97.4,80
www.shalltry.com,0.0,60.774,28.631,60.903999999999996,0.0,93.69800000000001,93.833,52.30.158.66,80
www.weather.com,0.0,51.332,46.781000000000006,51.386,0.0,83.022,83.13900000000001,104.81.13.26,80
www.dailymotion.com,0.0,38.146,4.624,38.202,0.0,75.187,75.229,188.65.124.92,80
www.vungle.com,0.0,43.952,39.861,43.994,0.0,287.734,287.962,141.193.213.11,80
www.dotomi.com,0.0,57.405,37.352999999999994,57.495,0.0,118.347,118.39099999999999,88.221.218.67,80
www.php.net,0.0,36.406,20.544,36.485,0.0,53.108000000000004,53.223,185.85.0.29,80
www.wp.com,0.0,49.436,31.915,49.480000000000004,0.0,67.204,67.326,192.0.78.24,80
www.google.de,0.0,21.16,4.594,21.217,0.0,96.00699999999999,112.667,142.251.143.67,80
www.ft.com,0.0,22.849999999999998,5.528,22.922,0.0,41.999,42.076,151.101.2.46,80
www.douyincdn.com,0.0,278.148,263.682,278.255,0.0,881.615,881.721,163.181.92.229,80
www.zendesk.com,0.0,19.767,15.421000000000001,19.884,0.0,79.914,80.478,172.64.153.205,80
www.mi.com,0.0,22.263,4.392,22.316,0.0,202.763,202.986,163.171.128.241,80
www.ea.com,0.0,19.737000000000002,11.439,19.778,0.0,39.108,39.17,23.37.236.165,80
www.list-manage.com,0.0,137.567,23.826,137.652,0.0,297.507,297.57800000000003,205.201.132.96,80
www.f5.com,0.0,397.54699999999997,375.985,397.626,0.0,418.832,418.95500000000004,159.60.188.65,80
www.notamedia.ru,0.0,491.247,444.109,491.358,0.0,538.771,538.941,5.188.83.102,80
www.moe.video,0.0,120.98599999999999,79.221,121.027,0.0,163.14600000000002,163.23,185.151.243.182,80
www.chatgpt.com,0.0,11.465,7.74,11.524,0.0,40.521,40.686,104.18.32.47,80
www.pixabay.com,0.0,11.481,7.241,11.566,0.0,33.271,33.397000000000006,104.18.40.96,80
www.clarity.ms,0.0,19.612000000000002,4.699,19.652,0.0,36.437999999999995,36.483000000000004,13.107.246.62,80
www.outbrain.com,0.0,15.637000000000002,11.454,15.713999999999999,0.0,21.418,21.467,104.81.11.48,80
www.unsplash.com,0.0,53.998,35.975,54.056,0.0,72.818,72.87,151.101.1.181,80
www.lijit.com,0.0,50.658,36.521,50.713,0.0,65.869,65.96499999999999,18.244.18.48,80
www.stanford.edu,0.0,206.05100000000002,187.749,206.097,0.0,224.908,224.95100000000002,151.101.2.133,80
www.gnu.org,0.0,99.381,5.22,99.429,0.0,205.17,308.608,209.51.188.116,80
www.rlcdn.com,0.0,52.651,40.393,52.729,0.0,66.93,66.971,35.244.154.8,80
www.id5-sync.com,0.0,75028.29199999999,9.06,75028.384,0.0,75046.971,75047.01699999999,141.95.98.64,80
www.mozilla.com,0.0,18.166999999999998,5.32,18.225,0.0,32.2,32.254,35.190.14.201,80
www.stackoverflow.com,0.0,8.913,5.008,8.952,0.0,26.834,26.893,104.18.32.7,80
www.yximgs.com,0.0,246.287,47.379999999999995,246.331,0.0,735.487,735.606,103.107.217.18,80
www.cpanel.net,0.0,142.027,138.131,142.088,0.0,449.33,449.47700000000003,104.18.35.25,80
www.independent.co.uk,0.0,23.820999999999998,5.939,23.862000000000002,0.0,43.017,43.055,151.101.193.91,80
www.cnbc.com,0.0,10.675,6.819999999999999,10.744,0.0,23.828,23.889,104.80.250.217,80
www.dnsmadeeasy.com,0.0,87.93900000000001,64.217,88.01599999999999,0.0,111.808,111.86699999999999,35.152.104.113,80
www.t-mobile.com,0.0,143.465,122.226,143.572,0.0,500.637,500.714,2.21.133.35,80
www.gosuslugi.ru,0.0,58.108,5.2909999999999995,58.232,0.0,111.443,111.513,213.59.254.7,80
www.forter.com,0.0,100.59400000000001,94.979,100.657,0.0,271.029,271.24399999999997,141.193.213.20,80
www.autodesk.com,0.0,15.708,11.514,15.754000000000001,0.0,30.667,30.741999999999997,104.80.254.40,80
www.eventbrite.com,0.0,40.573,5.987,40.622,0.0,76.27000000000001,76.374,3.164.85.11,80
www.consultant.ru,0.0,47.572,5.589,47.638,0.0,90.679,90.864,194.105.131.45,80
www.sohu.com,0.0,32.27,12.974,32.324,0.0,52.271,52.327,43.152.29.38,80
www.ok.ru,0.0,96.307,48.370999999999995,96.39200000000001,0.0,145.49300000000002,145.534,217.20.147.1,80
www.checkpoint.com,0.0,9.724,5.938,9.763000000000002,0.0,14.179,14.248000000000001,18.64.79.82,80
www.inner-active.mobi,0.0,75110.666,33.147999999999996,75110.729,0.0,75187.546,75187.74399999999,62.219.50.32,80
www.elasticbeanstalk.com,0.0,132.445,27.467,132.549,0.0,278.511,278.59299999999996,52.217.83.219,80
www.eset.com,0.0,20.337999999999997,12.551,20.371,0.0,29.428,29.499000000000002,2.16.206.7,80
www.google.co.uk,0.0,21.8,4.621,21.858999999999998,0.0,86.34100000000001,103.20100000000001,142.251.143.35,80
www.tripadvisor.com,0.0,23.85,6.135,23.900000000000002,0.0,43.583999999999996,43.631,151.101.130.40,80
www.tp-link.com,0.0,39.379999999999995,5.157,39.495000000000005,0.0,74.77399999999999,74.90299999999999,3.160.188.75,80
www.aliexpress.com,0.0,20.522,13.174999999999999,20.576,0.0,79.246,79.56299999999999,104.102.2.18,80
www.force.com,0.0,68.682,48.315,68.812,0.0,318.356,318.399,2.21.133.91,80
www.quora.com,0.0,8.296,4.755,8.321,0.0,28.402,28.51,162.159.152.17,80
www.npr.org,0.0,25.392000000000003,5.862,25.453,0.0,54.068999999999996,54.119,2.21.133.10,80
www.braze.com,0.0,20.490000000000002,5.635000000000001,20.573999999999998,0.0,103.72099999999999,103.794,104.17.227.60,80
www.statista.com,0.0,59.754000000000005,26.346,59.835,0.0,94.283,94.364,18.161.111.15,80
www.xboxlive.com,0.0,22.322000000000003,6.124,22.358,0.0,560.312,560.361,20.76.201.171,80
www.elisa.fi,0.0,57.914,24.274,57.961,0.0,92.334,92.406,195.197.95.175,80
www.indeed.com,0.0,10.328999999999999,5.746,10.366999999999999,0.0,30.018,30.613,162.159.129.67,80
www.kaspersky-labs.com,0.0,36.001,6.218999999999999,36.082,0.0,66.88,67.025,213.155.156.92,80
www.telekom.de,0.0,36.541,4.718,36.588,0.0,68.752,68.792,80.158.67.40,80
www.bilibili.com,0.0,30.711,13.381,30.758,0.0,48.652,48.735,148.153.35.66,80
www.dell.com,0.0,15.126000000000001,9.889,15.161000000000001,0.0,87.456,87.762,104.108.144.13,80
www.goodreads.com,0.0,89.91000000000001,56.882000000000005,89.97099999999999,0.0,123.705,123.875,3.160.196.92,80
www.amazon.de,0.0,21.547,4.296,21.6,0.0,39.836999999999996,39.978,162.219.224.163,80
www.isnssdk.com,0.0,157.002,52.733000000000004,157.13299999999998,0.0,262.441,262.578,35.171.35.252,80
www.rambler.ru,0.0,51.732,5.8180000000000005,51.776,0.0,98.048,98.105,81.19.82.0,80
www.myshopify.com,0.0,40.059,26.12,40.114,0.0,209.125,211.57799999999997,23.227.38.74,80
www.globo.com,0.0,115.243,5.23,115.29,0.0,224.988,225.03799999999998,35.231.58.70,80
www.yahoo.co.jp,0.0,944.371,690.635,944.484,0.0,1198.914,1199.079,183.79.249.124,80
www.foxnews.com,0.0,25.188,4.87,25.291999999999998,0.0,59.604,59.671,2.21.133.99,80
www.naver.com,0.0,9.103,5.164000000000001,9.152000000000001,0.0,322.774,322.886,104.121.144.172,80
www.duckduckgo.com,0.0,21.838,4.782,21.909000000000002,0.0,39.056,39.182,40.114.177.156,80
www.giphy.com,0.0,23.966,4.43,24.008000000000003,0.0,43.984,44.073,151.101.37.155,80
www.walmart.com,0.0,21.788999999999998,13.001000000000001,21.892,0.0,80.78699999999999,80.87700000000001,2.16.252.148,80
www.quantserve.com,0.0,92.976,75.474,93.02499999999999,0.0,112.16199999999999,112.214,91.228.74.166,80
www.hichina.com,0.0,733.933,484.85699999999997,733.989,0.0,1008.626,1010.6120000000001,203.119.169.44,80
www.avcdn.net,0.0,51.854,31.87,51.93,0.0,124.148,124.242,92.123.74.57,80
www.g.page,0.0,72.76,56.367,72.864,0.0,158.79999999999998,158.868,142.250.180.110,80
www.nvidia.com,0.0,25.303,5.453,25.430999999999997,0.0,54.381,54.437,2.21.133.59,80
www.aliyun.com,0.0,525.8589999999999,256.58,525.9169999999999,0.0,797.2510000000001,797.341,47.74.138.66,80
www.telegram.org,0.0,37.788000000000004,18.180000000000003,37.883,0.0,58.942,59.007999999999996,149.154.167.99,80
www.teamviewer.com,0.0,14.401,4.406000000000001,14.449,0.0,33.052,33.172,104.16.63.16,80
www.wired.com,0.0,40.201,5.0809999999999995,40.317,0.0,76.35799999999999,76.454,3.160.188.100,80
www.tradingview.com,0.0,32.15,4.944,32.226,0.0,59.808,59.925,18.164.52.108,80
www.addtoany.com,0.0,22.244,4.921,22.285,0.0,52.58,52.647,104.22.71.197,80
www.comfortel.pro,0.0,399.163,351.42600000000004,399.284,0.0,467.715,467.852,82.202.190.155,80
www.entrust.net,0.0,114.033,4.084,114.15599999999999,0.0,227.16400000000002,227.28300000000002,72.140.233.41,80
www.kwai-pro.com,0.0,53.532000000000004,49.425999999999995,53.591,0.0,334.32800000000003,334.46500000000003,104.121.76.66,80
www.huawei.com,0.0,17.12,12.873000000000001,17.195999999999998,0.0,30.002000000000002,30.063,104.81.12.13,80
www.time.com,0.0,51.416999999999994,32.683,51.507,0.0,70.47,70.509,151.101.3.52,80
www.dns.jp,0.0,491.234,237.763,491.29200000000003,0.0,746.452,746.733,117.104.133.167,80
www.gamepass.com,0.0,135.325,10.191,135.373,0.0,260.522,260.598,20.112.250.133,80
www.firetvcaptiveportal.com,0.0,108.889,5.725,108.932,0.0,212.755,212.807,18.213.73.101,80
www.sophos.com,0.0,31.019000000000002,10.951,31.07,0.0,62.483999999999995,62.54,2.21.133.219,80
www.amzn.to,0.0,78.431,65.341,78.47800000000001,0.0,192.37099999999998,193.499,67.199.248.12,80
www.wix.com,0.0,17.445,4.913,17.483999999999998,0.0,139.02,139.11,34.149.87.45,80
www.intel.com,0.0,9.888,6.2490000000000006,9.947,0.0,19.139,19.198,104.81.5.115,80
www.blogger.com,0.0,21.828,4.916,21.933999999999997,0.0,117.74600000000001,117.809,142.251.143.73,80
www.alibaba.com,0.0,14.316,9.887,14.36,0.0,31.266000000000002,31.335,104.81.13.94,80
www.lenta.com,0.0,91.419,70.39399999999999,91.489,0.0,198.172,198.349,178.248.232.88,80
www.temu.com,0.0,37.727,4.589,37.775999999999996,0.0,73.833,73.924,20.157.119.2,80
www.verisign.com,0.0,106.936,3.741,106.99300000000001,0.0,213.514,213.62300000000002,69.58.187.75,80
www.debian.org,0.0,74.712,53.782999999999994,74.75800000000001,0.0,96.525,96.589,130.89.148.77,80
www.telegram.me,0.0,64.167,42.689,64.22999999999999,0.0,85.915,85.985,149.154.167.99,80
www.mikrotik.com,0.0,41.223000000000006,5.1450000000000005,41.264,0.0,77.707,77.765,159.148.172.205,80
www.speedtest.net,0.0,7.953999999999999,4.75,8.017,0.0,21.002,21.089,104.17.148.22,80
www.hicloud.com,0.0,202.858,23.465,202.911,0.0,383.042,383.25100000000003,49.4.46.170,80
www.launchpad.net,0.0,31.392999999999997,4.401999999999999,31.497999999999998,0.0,59.22,59.357,185.125.189.223,80
www.kwai.net,0.0,410.617,236.131,410.71000000000004,0.0,758.201,758.331,103.102.202.125,80
www.ngenix.net,0.0,71.912,15.923,71.973,0.0,128.942,129.06300000000002,93.93.91.220,80
www.aol.com,0.0,20.817,4.43,20.904,0.0,39.038000000000004,39.15,87.248.119.252,80
www.surveymonkey.com,0.0,8.793000000000001,5.435,8.865,0.0,13.089,13.173,3.162.79.83,80
www.mayoclinic.org,0.0,14.696000000000002,11.072000000000001,14.749,0.0,39.288999999999994,39.33,104.121.146.64,80
www.scribd.com,0.0,24.13,6.321000000000001,24.212999999999997,0.0,43.476,43.551,151.101.130.152,80
www.behance.net,0.0,21.901,4.289000000000001,21.989,0.0,40.694,40.757000000000005,151.101.193.197,80
www.cnet.com,0.0,24.625,4.842,24.687,0.0,44.221000000000004,44.323,199.232.194.154,80
www.att.net,0.0,177.592,169.507,177.643,0.0,958.053,958.138,104.102.3.79,80
www.onlinepbx.ru,0.0,96.36,47.966,96.447,0.0,145.041,145.21,185.209.112.38,80
www.mediatek.com,0.0,181.28,177.171,181.34300000000002,0.0,220.024,220.091,199.60.103.31,80
www.adobe.net,0.0,67.105,33.050000000000004,67.155,0.0,104.756,104.921,193.104.215.58,80
www.duolingo.com,0.0,108.567,5.001,108.674,0.0,219.321,219.384,34.195.204.183,80
www.cloud.microsoft,0.0,168.011,4.8549999999999995,168.108,0.0,331.089,331.156,20.236.44.162,80
www.calendly.com,0.0,13.245,9.575999999999999,13.29,0.0,51.392,51.461,104.18.41.175,80
www.duckdns.org,0.0,107.036,4.321000000000001,107.132,0.0,232.594,235.30300000000003,3.97.150.175,80
www.indiatimes.com,0.0,15.504,11.414,15.545,0.0,25.741,25.81,88.221.221.9,80
www.squarespace.com,0.0,105.741,82.228,105.80799999999999,0.0,209.02200000000002,209.07600000000002,198.185.159.176,80
www.ys7.com,0.0,298.829,138.897,298.931,0.0,461.93,462.021,60.190.232.40,80
www.delfi.lt,0.0,21.547,5.813,21.595,0.0,62.21,62.328,104.22.27.85,80
www.google.com.hk,0.0,20.542,3.9370000000000003,20.59,0.0,82.952,99.86,142.251.143.35,80
www.ted.com,0.0,23.695999999999998,5.188,23.735,0.0,42.306000000000004,42.349,151.101.194.133,80
www.netease.com,0.0,732.792,538.976,732.846,0.0,927.836,1167.721,111.124.202.251,80
www.360yield.com,0.0,138.30200000000002,106.533,138.353,0.0,170.715,170.881,52.214.102.43,80
www.trendmicro.com,0.0,26.276,5.666,26.326999999999998,0.0,57.037,57.084999999999994,92.122.20.150,80
www.disqus.com,0.0,62.388,42.888999999999996,62.449999999999996,0.0,88.232,88.34,199.232.192.134,80
www.digitalocean.com,0.0,33.478,22.324,33.527,0.0,251.51600000000002,251.557,104.19.174.68,80
www.google.ca,0.0,36.242000000000004,17.722,36.341,0.0,102.915,120.198,142.250.180.67,80
www.hotjar.com,0.0,77.149,42.696,77.221,0.0,113.032,113.173,18.161.97.122,80
www.trustpilot.com,0.0,41.008,7.069,41.07,0.0,75.839,75.958,52.84.45.79,80
www.nypost.com,0.0,44.049,28.47,44.163000000000004,0.0,59.808,59.894999999999996,192.0.66.32,80
www.uol.com.br,0.0,79.601,45.453,79.706,0.0,114.465,114.608,18.161.111.69,80
www.icloud-content.com,0.0,120.166,11.079,120.22,0.0,230.11,230.189,17.253.142.4,80
www.google.fr,0.0,21.421,4.545000000000001,21.486,0.0,123.856,140.849,142.250.180.99,80
www.mysql.com,0.0,14.572999999999999,10.567,14.67,0.0,25.113,25.171,23.63.142.101,80
www.imgur.com,0.0,67.342,49.226,67.391,0.0,87.502,87.573,199.232.192.193,80
www.aboutads.info,0.0,45.608000000000004,11.892,45.652,0.0,80.96499999999999,80.998,3.160.188.79,80
www.virtualearth.net,0.0,17.241,4.877000000000001,17.298000000000002,0.0,34.936,34.99,204.79.197.219,80
www.chinamobile.com,0.0,493.4,271.45000000000005,493.499,0.0,715.192,715.262,111.7.203.227,80
www.deviantart.com,0.0,39.563,5.609,39.622,0.0,74.304,74.39800000000001,3.164.85.124,80
www.onetrust.com,0.0,10.097999999999999,5.175,10.145,0.0,26.015,26.103,104.18.32.137,80
www.oup.com,0.0,33.303,28.635,33.352,0.0,84.463,84.517,75.2.119.185,80
www.mailchimp.com,0.0,41.046,37.166,41.088,0.0,78.737,78.84299999999999,23.63.143.99,80
www.buzzfeed.com,0.0,23.309,5.2700000000000005,23.349,0.0,43.051,43.094,151.101.2.114,80
www.vkontakte.ru,0.0,79.041,46.162,79.086,0.0,112.035,112.188,87.240.129.133,80
www.amazon.co.jp,0.0,150.229,146.031,150.28900000000002,0.0,155.07399999999998,155.20800000000003,3.162.83.169,80
www.amazontrust.com,0.0,37.608000000000004,4.083,37.707,0.0,78.38499999999999,78.516,18.161.111.66,80
www.google.co.jp,0.0,20.842,3.7529999999999997,20.895,0.0,95.214,112.503,142.250.180.67,80
www.sapo.pt,0.0,104.162,51.221999999999994,104.254,0.0,156.558,156.786,213.13.146.142,80
www.kaspi.kz,0.0,250.87300000000002,118.3,250.94300000000004,0.0,386.261,386.82899999999995,194.187.245.10,80
www.freepik.com,0.0,30.93,10.158000000000001,30.984,0.0,58.632999999999996,58.679,92.123.74.49,80
www.patreon.com,0.0,7.896,4.1450000000000005,7.93,0.0,44.192,44.299,104.16.25.14,80
www.ca.gov,0.0,49.217,29.016000000000002,49.298,0.0,343.704,343.754,2.21.133.176,80
www.nike.com,0.0,8.731,4.911,8.772,0.0,48.146,48.196000000000005,104.108.144.186,80
www.steamcommunity.com,0.0,105.95400000000001,101.419,106.02499999999999,0.0,470.54,470.616,104.81.6.49,80
www.conviva.com,0.0,193.53300000000002,37.832,193.605,0.0,348.25899999999996,348.40900000000005,34.83.231.78,80
www.deepintent.com,0.0,13.305000000000001,9.665999999999999,13.356,0.0,166.255,166.435,141.193.213.20,80
www.tandfonline.com,0.0,10.454,6.28,10.512,0.0,67.788,67.90899999999999,104.18.39.123,80
www.playstation.com,0.0,8.415000000000001,5.114,8.452,0.0,22.993,23.088,104.108.146.146,80
www.visualstudio.com,0.0,19.262,15.8,19.311999999999998,0.0,28.704,28.767999999999997,104.81.9.136,80
www.nflxvideo.net,0.0,39.192,7.463,39.281000000000006,0.0,72.03800000000001,72.144,34.252.74.1,80
www.line.me,0.0,313.74800000000005,278.632,313.85,0.0,350.24899999999997,350.348,216.137.52.57,80
www.cbsnews.com,0.0,25.06,5.662000000000001,25.158,0.0,47.288,47.446000000000005,151.101.37.188,80
www.xhamster.com,0.0,25.151,4.444,25.28,0.0,147.31900000000002,147.37900000000002,88.208.29.180,80
www.loc.gov,0.0,18.881,14.072,18.938,0.0,400.64,400.7,104.18.64.82,80
www.jquery.com,0.0,107.362,6.198,107.517,0.0,208.83499999999998,208.984,104.131.8.164,80
www.berkeley.edu,0.0,11.259,6.934,11.298,0.0,400.161,400.354,141.193.213.21,80
www.netflix.net,0.0,63.13199999999999,30.373,63.217,0.0,94.568,94.711,52.31.48.193,80
www.ietf.org,0.0,14.593,4.603999999999999,14.631,0.0,44.274,44.388999999999996,104.16.45.99,80
www.newsweek.com,0.0,9.343,4.953,9.405,0.0,210.726,210.807,76.223.48.94,80
www.cmediahub.ru,0.0,89.62299999999999,42.913,89.727,0.0,492.484,492.586,89.108.82.15,80
www.rakuten.co.jp,0.0,451.915,447.43699999999995,451.96999999999997,0.0,5705.701,5705.768,104.121.145.157,80
www.paloaltonetworks.com,0.0,42.775,38.086,42.826,0.0,55.283,55.347,104.81.6.250,80
www.tds.net,0.0,332.686,217.28900000000002,332.786,0.0,449.553,449.635,216.165.153.4,80
www.mega.co.nz,0.0,52.962,21.506999999999998,53.057,0.0,84.584,84.643,66.203.124.31,80
www.noaa.gov,0.0,276.88,243.233,276.946,0.0,311.101,311.178,3.164.182.16,80
www.rt.ru,0.0,159.36800000000002,92.658,159.43099999999998,0.0,225.937,226.001,95.167.23.6,80
www.sina.com.cn,0.0,18.678,5.9319999999999995,18.718,0.0,34.077999999999996,34.157,163.181.92.231,80
www.yieldmo.com,0.0,140.657,36.281,140.737,0.0,245.78900000000002,245.96699999999998,35.212.43.67,80
www.merriam-webster.com,0.0,92.48,58.013000000000005,92.581,0.0,128.018,128.138,3.160.196.68,80
www.cornell.edu,0.0,119.73100000000001,105.128,119.774,0.0,137.583,137.631,13.107.246.44,80
www.yandex.com,0.0,59.704,4.585999999999999,59.742999999999995,0.0,137.10500000000002,137.186,77.88.44.55,80
www.163.com,0.0,19.865000000000002,5.186,19.974,0.0,43.318000000000005,43.392,163.181.92.235,80
www.eeroup.com,0.0,61.385000000000005,26.356,61.46,0.0,506.01700000000005,506.14899999999994,52.84.45.47,80
www.atlassian.com,0.0,123.355,4.197,123.424,0.0,243.448,243.54700000000003,18.66.161.11,80
www.britannica.com,0.0,15.116,5.338,15.155,0.0,233.52200000000002,233.61599999999999,104.18.4.110,80
www.qualtrics.com,0.0,63.022999999999996,42.897999999999996,63.141000000000005,0.0,93.57799999999999,93.64699999999999,92.122.76.100,80
www.amplitude.com,0.0,10.337000000000002,6.769,10.378,0.0,295.108,295.251,13.248.219.127,80
www.blueapron.com,0.0,85.36399999999999,67.29400000000001,85.466,0.0,109.138,109.333,151.101.2.133,80
www.cookielaw.org,0.0,10.846,7.361999999999999,10.882,0.0,23.619999999999997,23.674,104.18.86.42,80
www.hostgator.com,0.0,11.105,7.339,11.15,0.0,31.702,32.744,104.18.43.48,80
www.techcrunch.com,0.0,68.104,28.493000000000002,68.157,0.0,110.39200000000001,110.466,188.125.72.137,80
www.marriott.com,0.0,81.973,77.288,82.048,0.0,98.57100000000001,98.628,104.108.144.90,80
www.licdn.com,0.0,180.643,37.169000000000004,180.708,0.0,335.867,336.09499999999997,144.2.15.25,80
www.yelp.com,0.0,23.814,6.345,23.864,0.0,42.298,42.336,151.101.64.116,80
www.ikea.com,0.0,9.416,5.582,9.468,0.0,39.735,39.800000000000004,104.108.144.215,80
www.uber.com,0.0,10.056000000000001,6.495,10.11,0.0,26.405,26.466,69.48.218.1,80
www.ezvizlife.com,0.0,91.269,60.74100000000001,91.32300000000001,0.0,123.539,123.61,34.251.160.152,80
www.360.cn,0.0,323.974,160.812,324.096,0.0,487.722,487.819,47.89.195.194,80
www.shutterstock.com,0.0,40.224999999999994,4.952,40.346,0.0,76.814,76.99799999999999,3.160.196.51,80
www.newrelic.com,0.0,67.149,48.925999999999995,67.188,0.0,89.53,89.602,151.101.2.217,80
www.stackadapt.com,0.0,144.851,36.687,144.934,0.0,253.53300000000002,253.66100000000003,34.204.55.14,80
www.livejournal.com,0.0,52.912,6.8149999999999995,52.96,0.0,103.191,103.262,81.19.74.1,80
www.agkn.com,0.0,96.625,63.175999999999995,96.665,0.0,131.554,131.642,52.51.236.71,80
www.omnitagjs.com,0.0,76.571,48.119,76.63000000000001,0.0,105.73599999999999,105.798,185.255.84.150,80
www.docker.com,0.0,8.373000000000001,4.930000000000001,8.413,0.0,248.385,248.49099999999999,141.193.213.20,80
www.tapad.com,0.0,93.91199999999999,81.045,93.979,0.0,220.18099999999998,248.314,34.96.66.233,80
www.warnerbros.com,0.0,65.657,30.872,65.766,0.0,100.786,100.98,18.161.97.90,80
www.cookiedatabase.org,0.0,34.47,8.651000000000002,34.546,0.0,348.767,348.84,194.150.224.133,80
www.fb.com,0.0,20.702,5.383,20.813000000000002,0.0,35.621,35.678000000000004,157.240.251.35,80
www.google.es,0.0,21.134,4.563000000000001,21.173000000000002,0.0,88.838,105.279,142.250.180.67,80
www.wattpad.com,0.0,9.278,6.023,9.332999999999998,0.0,13.616,13.690000000000001,52.84.150.46,80
www.myspace.com,0.0,47.911,35.571,47.989999999999995,0.0,61.461,61.521,34.111.176.156,80
www.branch.io,0.0,50.751999999999995,47.174,50.791999999999994,0.0,236.078,236.213,141.193.213.21,80
www.google.co.in,0.0,20.848,4.226,20.888,0.0,85.237,102.408,142.250.180.99,80
www.free.fr,0.0,29.497,4.907,29.569000000000003,0.0,54.624,54.718,212.27.48.10,80
www.latimes.com,0.0,164.941,131.191,165.01,0.0,199.536,199.625,3.164.85.30,80
www.kahoot.it,0.0,60.375,25.905,60.416,0.0,95.853,95.956,3.164.85.114,80
www.crwdcntrl.net,0.0,49.003,16.487000000000002,49.105999999999995,0.0,81.80999999999999,81.96000000000001,18.202.187.23,80
www.fontawesome.com,0.0,33.665,28.649,33.751000000000005,0.0,55.121,55.278,104.18.22.52,80
www.theverge.com,0.0,23.887999999999998,5.016,23.985,0.0,43.333000000000006,43.411,151.101.129.91,80
www.webmd.com,0.0,11.897,7.526,11.991,0.0,112.383,112.516,172.64.153.18,80
www.timeweb.ru,0.0,76.304,56.737,76.407,0.0,183.35000000000002,183.445,185.65.148.89,80
www.google.it,0.0,20.844,4.3020000000000005,20.9,0.0,103.985,120.99799999999999,142.250.180.99,80
www.amazon.fr,0.0,39.196000000000005,4.994,39.286,0.0,74.242,74.354,54.230.106.142,80
www.amazon.ca,0.0,39.228,4.976999999999999,39.336999999999996,0.0,74.737,74.863,216.137.53.181,80
www.optimizely.com,0.0,15.506,10.347,15.581,0.0,88.49300000000001,88.55799999999999,104.18.42.69,80
www.okta.com,0.0,31.691999999999997,21.322,31.727999999999998,0.0,92.167,92.339,104.18.211.105,80
www.fandom.com,0.0,23.615000000000002,4.883,23.665,0.0,43.566,43.603,199.232.212.194,80
www.deepl.com,0.0,9.209999999999999,4.590999999999999,9.251000000000001,0.0,32.983,33.043000000000006,104.18.39.209,80
www.nbcnews.com,0.0,10.193000000000001,6.671,10.236,0.0,23.678,23.738,104.108.147.101,80
www.ieee.org,0.0,37.436,4.552,37.484,0.0,71.58,71.70700000000001,216.137.52.83,80
www.cdnhwc1.com,0.0,502.915,258.209,503.02899999999994,0.0,748.439,748.616,43.254.0.6,80
www.elpais.com,0.0,34.97,17.485,35.013000000000005,0.0,55.169999999999995,55.259,199.232.194.133,80
www.w3schools.com,0.0,17.361,4.739,17.479000000000003,0.0,221.936,222.037,192.229.133.221,80
www.svc.ms,0.0,18.755999999999997,4.252,18.805,0.0,524.709,524.769,13.107.136.10,80
www.jotform.com,0.0,14.344000000000001,4.971,14.411999999999999,0.0,41.326,41.489,104.19.129.105,80
www.datadoghq.com,0.0,77.466,43.927,77.515,0.0,112.16199999999999,112.254,18.161.111.13,80
www.wb.ru,0.0,77.241,44.394000000000005,77.284,0.0,113.47,113.662,185.138.253.1,80
www.prnewswire.com,0.0,9.976,5.9670000000000005,10.029,0.0,32.271,32.312,104.18.36.40,80
www.crpt.ru,0.0,217.975,198.909,218.068,0.0,466.214,466.412,91.215.43.194,80
www.amazon.in,0.0,39.312,5.423,39.387,0.0,74.137,74.245,18.161.113.117,80
www.target.com,0.0,87.1,68.068,87.20899999999999,0.0,117.722,117.78800000000001,151.101.130.187,80
www.sagepub.com,0.0,172.326,7.036,172.463,0.0,337.22,337.349,13.64.115.186,80
www.withgoogle.com,0.0,35.708999999999996,18.977,35.803000000000004,0.0,294.259,294.31,142.250.180.81,80
www.bigo.sg,0.0,62.64699999999999,44.365,62.725,0.0,81.008,81.14,104.166.188.184,80
www.spiegel.de,0.0,20.882,4.756,20.965999999999998,0.0,50.416999999999994,50.561,128.65.210.183,80
www.samsungapps.com,0.0,400.443,366.179,400.51599999999996,0.0,435.56600000000003,435.65700000000004,52.18.136.34,80
www.cambridge.org,0.0,9.027999999999999,5.1850000000000005,9.136,0.0,20.14,21.116,104.17.111.190,80
www.360safe.com,0.0,363.973,162.912,364.066,0.0,565.3620000000001,1168.832,101.226.4.13,80
www.investopedia.com,0.0,35.716,17.894000000000002,35.804,0.0,72.91499999999999,72.988,151.101.2.137,80
www.allaboutcookies.org,0.0,16.395,7.135,16.469,0.0,91.053,91.161,104.20.201.67,80
www.xvideos.com,0.0,31.605,4.876,31.683000000000003,0.0,69.193,69.262,185.88.181.9,80
www.coinmarketcap.com,0.0,44.11000000000001,40.754,44.153999999999996,0.0,48.323,48.391999999999996,3.160.39.82,80
www.cdnhwc2.com,0.0,488.608,264.519,488.75,0.0,714.105,714.212,43.254.0.6,80
www.33across.com,0.0,27.499,23.305,27.573,0.0,42.226,43.446,104.18.35.167,80
www.hbr.org,0.0,174.42499999999998,71.187,174.56199999999998,0.0,278.745,278.872,184.72.125.118,80
www.erome.com,0.0,168.628,66.968,168.721,0.0,270.509,270.58500000000004,70.38.95.65,80
www.xiaomi.net,0.0,144.901,123.39500000000001,144.984,0.0,657.685,657.851,20.47.97.231,80
www.intercom.io,0.0,15.963000000000001,11.110999999999999,16.025000000000002,0.0,21.538999999999998,21.592,18.64.103.44,80
www.mediafire.com,0.0,9.459999999999999,5.295,9.494000000000002,0.0,203.816,203.88,104.17.151.117,80
www.networkadvertising.org,0.0,637.285,611.453,637.366,0.0,839.961,840.025,3.165.113.100,80
www.gumgum.com,0.0,64.99499999999999,30.544999999999998,65.086,0.0,102.277,102.451,54.230.112.121,80
www.klaviyo.com,0.0,8.097,4.394,8.134,0.0,26.020000000000003,26.168,172.64.147.119,80
www.fda.gov,0.0,145.183,141.24,145.226,0.0,167.713,167.761,23.63.125.132,80
www.avito.ru,0.0,88.297,66.48,88.357,0.0,182.621,182.76600000000002,176.114.122.24,80
www.everesttech.net,0.0,500.232,321.207,500.347,0.0,685.2470000000001,685.351,192.147.130.204,80
www.life360.com,0.0,74.651,70.22,74.73299999999999,0.0,104.597,105.224,104.18.37.240,80
www.herokuapp.com,0.0,132.55100000000002,27.634,132.603,0.0,240.43,240.588,3.215.139.115,80
www.unesco.org,0.0,80.61,51.685,80.69800000000001,0.0,111.22999999999999,111.289,193.242.192.41,80
www.healthline.com,0.0,47.144,13.03,47.229,0.0,81.553,81.676,18.161.97.73,80
www.contextweb.com,0.0,141.80599999999998,118.11099999999999,141.88400000000001,0.0,165.49800000000002,165.655,35.152.104.113,80
www.appspot.com,0.0,32.431000000000004,19.900000000000002,32.487,0.0,270.015,270.188,142.251.209.142,80
www.vivoglobal.com,0.0,290.846,22.561,290.943,0.0,560.487,560.6320000000001,156.59.238.20,80
www.zemanta.com,0.0,35.367000000000004,27.096,35.441,0.0,47.861000000000004,47.912000000000006,104.87.213.96,80
www.brave.com,0.0,62.543,28.273,62.627,0.0,97.667,97.783,54.230.112.35,80
www.shein.com,0.0,56.381,37.951,56.425000000000004,0.0,82.35199999999999,82.39699999999999,2.18.64.89,80
www.washington.edu,0.0,815.333,656.328,815.433,0.0,977.185,1296.78,128.208.60.208,80
www.lemonde.fr,0.0,30.979,12.239999999999998,31.116,0.0,60.934000000000005,61.01199999999999,151.101.130.217,80
www.sberbank.ru,0.0,45.488,12.511,45.556,0.0,109.523,109.93700000000001,194.54.14.168,80
www.pandora.com,0.0,112.381,12.579999999999998,112.423,0.0,216.17600000000002,216.23899999999998,199.116.164.229,80
www.theatlantic.com,0.0,39.515,22.127000000000002,39.556,0.0,58.401,58.456,199.232.194.133,80
www.anydesk.com,0.0,62.129999999999995,29.124000000000002,62.176,0.0,95.94900000000001,96.051,54.230.112.118,80
www.dynatrace.com,0.0,70.69,44.886,70.772,0.0,100.81099999999999,100.94699999999999,18.155.153.5,80
www.cdnvideo.ru,0.0,70.902,56.351,70.99,0.0,85.868,86.045,151.236.80.22,80
www.nationalgeographic.com,0.0,64.756,30.568,64.884,0.0,312.41600000000005,312.55899999999997,3.160.196.11,80
www.airbnb.com,0.0,20.907,12.918000000000001,20.982,0.0,43.852000000000004,43.916999999999994,2.16.206.211,80
www.clever.com,0.0,63.899,30.474999999999998,63.977999999999994,0.0,98.53,98.63900000000001,18.161.111.124,80
www.homedepot.com,0.0,29.478,21.517000000000003,29.572999999999997,0.0,158.92700000000002,159.032,2.16.253.225,80
www.mlb.com,0.0,28.557,24.750999999999998,28.62,0.0,49.225,49.324,104.18.38.42,80
www.box.com,0.0,16.136000000000003,12.302,16.18,0.0,31.057000000000002,31.198,103.116.7.21,80
www.viber.com,0.0,21.012,12.801,21.16,0.0,31.150000000000002,31.227,104.87.211.98,80
www.huffingtonpost.com,0.0,55.256,37.508,55.370000000000005,0.0,74.375,74.458,151.101.2.114,80
www.comcast.com,0.0,165.499,161.543,165.586,0.0,175.142,175.232,23.63.143.222,80
www.mixpanel.com,0.0,43.791999999999994,31.327,43.86000000000001,0.0,169.36599999999999,169.476,34.117.152.135,80
www.shopee.co.id,0.0,205.058,16.336,205.161,0.0,394.463,394.608,147.136.140.126,80
www.nikkei.com,0.0,304.30400000000003,286.194,304.38300000000004,0.0,379.847,379.91999999999996,151.101.1.55,80
www.ya.ru,0.0,150.315,100.662,150.381,0.0,201.27100000000002,201.549,5.255.255.242,80
www.people.com,0.0,34.46,16.215,34.489,0.0,54.224000000000004,54.265,151.101.2.137,80
www.rutube.ru,0.0,115.48,98.398,115.584,0.0,222.84,222.97400000000002,109.238.90.239,80
www.pvp.net,0.0,32.857,18.033,32.923,0.0,48.492,48.571999999999996,35.156.174.2,80
www.miwifi.com,0.0,57.579,41.251000000000005,57.672000000000004,0.0,76.08099999999999,76.964,163.171.128.148,80
www.sberdevices.ru,0.0,90.47800000000001,43.266,90.584,0.0,138.012,138.16,95.181.181.254,80
www.a-mo.net,0.0,115.55,22.0,115.664,0.0,209.65800000000002,209.704,147.75.198.144,80
www.mailchi.mp,0.0,91.74300000000001,83.608,91.835,0.0,130.70999999999998,130.825,104.82.107.207,80
www.pendo.io,0.0,36.193000000000005,32.275,36.232,0.0,658.0279999999999,658.201,141.193.213.20,80
www.zillow.com,0.0,60.981,26.323,61.082,0.0,336.64300000000003,336.81100000000004,52.222.144.41,80
www.plesk.com,0.0,18.697,14.949,18.796,0.0,55.722,55.842000000000006,172.64.147.135,80
www.redislabs.com,0.0,62.608999999999995,44.636,62.672000000000004,0.0,317.988,318.072,23.185.0.4,80
www.fiverr.com,0.0,7.784,3.8890000000000002,7.827000000000001,0.0,68.97399999999999,69.09800000000001,104.18.114.47,80
www.gitlab.com,0.0,9.024000000000001,4.271,9.072000000000001,0.0,31.93,32.096,172.65.251.78,80
www.bandcamp.com,0.0,43.791999999999994,25.913999999999998,43.903,0.0,64.851,64.885,151.101.65.91,80
www.w55c.net,0.0,188.974,154.414,189.068,0.0,224.44,224.56699999999998,3.160.188.92,80
www.sitescout.com,0.0,128.811,27.586,128.869,0.0,229.964,230.045,208.113.159.153,80
www.themeforest.net,0.0,22.971999999999998,18.62,23.047,0.0,66.416,66.489,104.18.43.76,80
www.rbc.ru,0.0,28.195999999999998,11.124,28.230999999999998,0.0,45.503,45.572,178.248.234.119,80
www.usps.com,0.0,23.689,11.358,23.724,0.0,39.967000000000006,40.023,192.229.221.165,80
www.globalsign.com,0.0,19.172,14.091,19.256,0.0,35.052,35.123000000000005,104.18.20.226,80
www.kargo.com,0.0,131.381,95.556,131.45200000000003,0.0,167.515,167.64000000000001,54.230.112.61,80
www.bugsnag.com,0.0,32.122,26.593,32.208,0.0,350.22700000000003,350.375,162.159.140.69,80
www.fast.com,0.0,83.13900000000001,74.083,83.19600000000001,0.0,93.43799999999999,93.492,104.87.211.107,80
www.hugedomains.com,0.0,18.215,7.7219999999999995,18.288,0.0,35.724,36.659,172.67.70.191,80
www.google.cn,0.0,21.025,4.178,21.081,0.0,160.97,161.111,142.250.180.67,80
www.amazon.it,0.0,34.179,7.766,34.26499999999999,0.0,61.367,61.481,54.230.207.73,80
www.discordapp.com,0.0,11.106,6.921,11.164,0.0,40.869,41.0,162.159.129.233,80
www.bitdefender.com,0.0,15.233,5.422,15.325999999999999,0.0,67.22699999999999,67.336,104.18.1.169,80
www.oraclecloud.com,0.0,172.88799999999998,12.749,172.97799999999998,0.0,332.646,332.803,138.1.33.162,80
www.stbid.ru,0.0,108.579,65.99199999999999,108.669,0.0,156.15,156.226,31.129.35.75,80
www.news.com.au,0.0,21.945,14.246,22.041999999999998,0.0,46.236,46.284,23.37.236.142,80
www.cloudflareinsights.com,0.0,22.961,9.143,23.043999999999997,0.0,45.663000000000004,45.72,104.16.79.73,80
www.onlyfans.com,0.0,35.531,31.59,35.592,0.0,55.429,55.616,162.159.140.146,80
www.githubusercontent.com,0.0,25.767000000000003,8.406,25.803,0.0,269.717,269.81899999999996,185.199.111.133,80
www.youku.com,0.0,541.3149999999999,208.301,541.508,0.0,874.59,874.9559999999999,47.246.99.254,80
www.xnxx.com,0.0,35.541000000000004,5.834,35.615,0.0,75.02300000000001,75.071,185.88.181.59,80
www.myhuaweicloud.com,0.0,424.62699999999995,207.392,424.704,0.0,649.688,649.83,43.254.0.6,80
www.upwork.com,0.0,11.758,7.606,11.867,0.0,45.92,46.093,104.18.89.237,80
www.amazon.es,0.0,43.839000000000006,24.087,43.945,0.0,66.887,67.016,18.239.67.97,80
www.me.com,0.0,129.70999999999998,20.282,129.805,0.0,240.79,240.87,17.253.142.4,80
www.canonical.com,0.0,43.998000000000005,23.487000000000002,44.041999999999994,0.0,65.149,65.202,185.125.190.21,80
www.heylink.me,0.0,29.014000000000003,14.985,29.102,0.0,69.063,69.225,104.18.160.220,80
www.google.pl,0.0,22.23,5.298,22.289,0.0,88.447,105.53,142.250.180.67,80
www.liftoff.io,0.0,59.426,55.172,59.48500000000001,0.0,407.146,407.234,141.193.213.21,80
www.zoho.com,0.0,25.063,4.329000000000001,25.113,0.0,45.934000000000005,46.074999999999996,185.20.209.52,80
www.rackspace.com,0.0,15.091999999999999,11.295,15.151,0.0,49.775,49.819,23.63.148.62,80
www.redhat.com,0.0,8.468,4.8180000000000005,8.501999999999999,0.0,99.56,99.606,23.63.117.63,80
www.mgid.com,0.0,25.7,16.467,25.788999999999998,0.0,175.778,175.861,104.19.131.76,80
www.epa.gov,0.0,133.412,119.022,133.487,0.0,148.146,148.26600000000002,3.161.82.37,80
www.teads.tv,0.0,50.79,32.809,50.909000000000006,0.0,77.509,77.572,88.221.169.49,80
www.princeton.edu,0.0,28.5,24.704,28.532999999999998,0.0,296.406,296.589,104.18.4.101,80
www.change.org,0.0,13.978000000000002,4.688000000000001,14.013,0.0,68.978,69.132,104.17.89.51,80
www.flashtalking.com,0.0,108.955,5.239,109.072,0.0,212.619,212.78,104.248.231.123,80
www.riotgames.com,0.0,9.469999999999999,5.201,9.524,0.0,18.903,18.941,23.63.127.210,80
www.worldbank.org,0.0,44.896,40.821000000000005,44.972,0.0,125.563,125.72900000000001,104.18.40.198,80
www.unrulymedia.com,0.0,90.562,56.582,90.67500000000001,0.0,125.647,125.803,18.161.97.106,80
www.quickconnect.to,0.0,37.706,23.143,37.808,0.0,54.074,82.715,52.58.162.149,80
www.kickstarter.com,0.0,9.998999999999999,5.3660000000000005,10.149000000000001,0.0,22.949,23.105,104.18.38.159,80
www.recaptcha.net,0.0,22.032,4.113,22.078,0.0,54.660000000000004,54.797,142.250.180.99,80
www.name.com,0.0,26.263,16.714,26.381,0.0,295.447,295.545,104.18.6.161,80
www.nflximg.com,0.0,374.03700000000003,340.9,374.179,0.0,648.908,649.0409999999999,54.73.148.110,80
www.kwai.com,0.0,56.891999999999996,53.068999999999996,56.967999999999996,0.0,227.638,227.752,104.121.76.72,80
www.huffpost.com,0.0,53.636,36.047000000000004,53.691,0.0,77.244,77.30099999999999,151.101.2.114,80
www.bootstrapcdn.com,0.0,52.62,49.031,52.702,0.0,111.086,111.178,216.24.57.4,80
www.hihonorcloud.com,0.0,813.987,644.694,814.0889999999999,0.0,1006.9490000000001,1007.0730000000001,49.233.240.138,80
www.iso.org,0.0,37.518,12.544,37.635000000000005,0.0,62.925,62.982,138.81.131.132,80
www.pbs.org,0.0,76.567,43.047000000000004,76.688,0.0,110.969,111.101,3.164.182.64,80
www.ebay.co.uk,0.0,22.49,14.731,22.593,0.0,54.174,54.233999999999995,23.37.237.183,80
www.shopee.com.br,0.0,206.71800000000002,47.905,206.80599999999998,0.0,365.49399999999997,365.63,147.136.133.254,80
www.bild.de,0.0,9.797,5.582,9.84,0.0,43.658,43.695,2.22.240.161,80
www.lefigaro.fr,0.0,66.11,47.343,66.239,0.0,88.822,88.882,2.18.64.98,80
www.scdn.co,0.0,24.187,5.814,24.253,0.0,44.829,44.88,199.232.214.248,80
www.1drv.com,0.0,55.199999999999996,37.287,55.296,0.0,91.836,91.891,20.76.201.171,80
www.arxiv.org,0.0,52.21,33.77,52.248000000000005,0.0,73.103,90.809,151.101.131.42,80
www.fbsbx.com,0.0,13.256,4.702999999999999,13.334,0.0,23.471,23.528,157.240.210.16,80
www.unpkg.com,0.0,24.352,13.998,24.431,0.0,43.424,43.513000000000005,104.17.247.203,80
www.whitehouse.gov,0.0,48.618,30.970000000000002,48.724000000000004,0.0,67.101,67.20700000000001,192.0.66.168,80
www.lenovo.com,0.0,20.832,13.077,20.907,0.0,51.27,51.337,2.16.253.14,80
www.2gis.com,0.0,47.832,38.136,47.911,0.0,180.149,180.241,104.20.7.43,80
www.netgear.com,0.0,37.757,12.651000000000002,37.795,0.0,63.805,63.876000000000005,52.85.92.19,80
www.ameblo.jp,0.0,89.421,72.015,89.552,0.0,109.466,109.599,199.232.210.133,80
www.tinkoff.ru,0.0,21.404,5.0489999999999995,21.443,0.0,110.358,110.395,178.248.236.218,80
www.aniview.com,0.0,54.42,50.985,54.501,0.0,58.97,59.113,18.66.2.20,80
www.ad.gt,0.0,100.407,66.623,100.444,0.0,135.368,135.511,3.164.85.28,80
www.pornhub.com,0.0,23.092000000000002,4.2170000000000005,23.139,0.0,61.597,61.68,66.254.114.41,80
www.bankofamerica.com,0.0,222.989,116.81099999999999,223.083,0.0,329.34799999999996,329.40799999999996,171.159.118.100,80
www.spamhaus.org,0.0,7.868,4.186999999999999,7.9030000000000005,0.0,22.548,22.628,104.16.199.238,80
www.arcgis.com,0.0,108.02000000000001,5.07,108.116,0.0,213.198,213.325,54.236.87.106,80
www.google.com.mx,0.0,22.28,4.677,22.362,0.0,94.47,112.095,142.251.143.35,80
www.cloudns.net,0.0,42.788,23.613,42.897999999999996,0.0,61.951,62.055,136.243.33.126,80
www.instructure.com,0.0,62.069,44.109,62.134,0.0,80.89,80.943,151.101.2.132,80
www.mckinsey.com,0.0,13.958,9.773,14.0,0.0,204.69799999999998,204.823,104.121.144.68,80
www.intentiq.com,0.0,120.592,25.294,120.682,0.0,216.99699999999999,217.118,5.154.240.65,80
www.wal-mart.com,0.0,100.232,95.717,100.33699999999999,0.0,339.96500000000003,340.04,104.108.144.134,80
www.otto.de,0.0,19.227,4.201,19.346,0.0,35.753,35.845,3.122.213.191,80
www.google.com.tr,0.0,22.326999999999998,4.9030000000000005,22.41,0.0,88.27,105.366,142.250.180.67,80
www.academia.edu,0.0,35.081,5.425,35.129,0.0,265.73600000000005,265.866,13.226.175.16,80
www.primevideo.com,0.0,39.053,4.951,39.135000000000005,0.0,74.35600000000001,74.47099999999999,18.161.92.233,80
www.disneyplus.com,0.0,8.171,4.268,8.213,0.0,22.849999999999998,22.896,23.63.125.182,80
www.mdpi.com,0.0,10.477,6.638,10.534999999999998,0.0,94.045,94.186,104.18.24.151,80
www.mobile.de,0.0,9.205,5.239,9.241,0.0,54.633,55.411,23.63.148.237,80
www.supercell.com,0.0,61.207,26.453,61.298,0.0,96.451,96.577,3.160.196.32,80
www.adjust.com,0.0,47.937,44.061,47.976,0.0,72.615,74.551,76.76.21.123,80
www.va.gov,0.0,291.92699999999996,129.00300000000001,292.027,0.0,506.637,506.818,152.131.96.221,80
www.allegro.pl,0.0,27.665,6.26,27.743,0.0,54.699999999999996,54.739000000000004,185.31.24.68,80
www.sonobi.com,0.0,34.58,21.621000000000002,34.617000000000004,0.0,48.817,48.885999999999996,192.124.249.80,80
www.att.com,0.0,12.885,9.665,12.929,0.0,418.662,418.745,104.108.145.140,80
www.vivo.com.cn,0.0,426.325,319.911,426.38599999999997,0.0,533.785,533.934,98.98.85.144,80
www.statcounter.com,0.0,13.904,4.139,13.951,0.0,304.562,304.712,104.20.95.138,80
www.rapid7.com,0.0,65.342,30.811,65.455,0.0,100.522,100.63999999999999,3.164.85.80,80
www.wyzecam.com,0.0,28.765,15.212,28.845,0.0,38902.952999999994,38903.053,172.67.129.82,80
www.hindustantimes.com,0.0,94.937,74.46300000000001,95.023,0.0,127.50200000000001,127.551,92.123.74.66,80
www.amazon.com.br,0.0,9.235999999999999,5.39,9.266,0.0,54.256,54.286,104.121.146.9,80
www.genius.com,0.0,10.022,6.689,10.07,0.0,25.555,25.604,104.18.23.208,80
www.classlink.com,0.0,119.787,96.596,119.867,0.0,143.10999999999999,143.192,35.152.119.144,80
www.substack.com,0.0,12.091,8.577,12.128,0.0,33.077000000000005,33.128,172.64.150.56,80
www.state.gov,0.0,65.249,40.493,65.29,0.0,91.13000000000001,91.214,18.155.145.62,80
www.mozilla.net,0.0,122.085,108.932,122.151,0.0,135.486,135.548,35.190.14.201,80
www.perfectdomain.com,0.0,31.33,22.436999999999998,31.403,0.0,309.595,309.757,172.67.73.220,80
www.bitrix24.ru,0.0,60.247,43.381,60.32,0.0,153.945,154.10199999999998,178.248.238.120,80
www.webrootcloudav.com,0.0,73.963,42.105999999999995,74.015,0.0,340.687,340.811,52.51.56.207,80
www.wp.pl,0.0,49.508,5.445,49.58,0.0,92.652,92.766,212.77.98.9,80
www.typeform.com,0.0,49.899,15.589,49.97,0.0,85.87899999999999,86.01599999999999,18.161.111.47,80
www.kohls.com,0.0,23.901,15.546000000000001,23.999,0.0,422.73699999999997,422.859,2.16.204.153,80
www.bluehost.com,0.0,15.017000000000001,11.268,15.074,0.0,39.263,40.458,104.18.41.208,80
www.biblegateway.com,0.0,39.58,6.292,39.618,0.0,93.993,94.125,216.137.52.49,80
www.daum.net,0.0,460.863,192.172,460.961,0.0,730.069,730.202,121.53.105.193,80
www.mirtesen.ru,0.0,79.722,45.456,79.82300000000001,0.0,113.765,113.826,95.131.27.117,80
www.chaturbate.com,0.0,14.833,5.125,14.946,0.0,64.727,64.839,104.16.44.196,80
www.chartboost.com,0.0,63.19800000000001,28.869,63.254000000000005,0.0,99.077,99.19699999999999,52.84.45.84,80
www.firefox.com,0.0,113.088,99.523,113.14,0.0,126.754,126.78500000000001,35.190.14.201,80
www.attn.tv,0.0,27.134999999999998,22.981,27.226,0.0,48.971000000000004,49.088,104.18.43.135,80
www.nhk.or.jp,0.0,13.908,5.191000000000001,13.951,0.0,319.034,319.68800000000005,23.37.236.189,80
www.addthis.com,0.0,189.707,181.63199999999998,189.771,0.0,203.041,203.13500000000002,23.37.236.157,80
www.discogs.com,0.0,9.429,5.83,9.466000000000001,0.0,52.062,52.181,172.64.151.54,80
www.realtor.com,0.0,80.86200000000001,46.903,80.97699999999999,0.0,115.67399999999999,115.802,3.164.182.93,80
www.service-now.com,0.0,235.542,80.563,235.627,0.0,391.063,391.122,199.91.136.104,80
www.smartthings.com,0.0,60.795,26.554000000000002,60.855,0.0,96.008,96.188,3.164.182.22,80
www.alidns.com,0.0,2491.708,2242.135,2491.831,0.0,2734.112,2735.807,203.119.145.45,80
www.hilton.com,0.0,12.576,9.392,12.626999999999999,0.0,10034.729000000001,10034.826000000001,104.108.144.146,80
www.adroll.com,0.0,48.726,30.737000000000002,48.821999999999996,0.0,68.525,68.58200000000001,151.101.2.133,80
www.fedex.com,0.0,25.06,4.841,25.128,0.0,657.809,657.969,2.21.133.234,80
www.columbia.edu,0.0,102.402,98.266,102.478,0.0,138.597,140.017,162.159.138.64,80
www.apnews.com,0.0,19.817999999999998,10.318000000000001,19.862000000000002,0.0,64.79799999999999,64.881,104.16.22.8,80
www.maricopa.gov,0.0,37.208999999999996,27.381,37.293,0.0,302.15500000000003,302.29200000000003,104.16.194.247,80
www.deloitte.com,0.0,123.494,115.23700000000001,123.561,0.0,294.67199999999997,294.741,104.84.146.194,80
www.ioam.de,0.0,78.143,56.431000000000004,78.25999999999999,0.0,100.922,101.08300000000001,193.46.63.50,80
www.repubblica.it,0.0,41.546,6.958,41.641999999999996,0.0,110.087,110.151,54.230.112.50,80
www.mob.com,0.0,236.21900000000002,30.553,236.297,0.0,566.1429999999999,848.869,45.113.201.237,80
www.synology.com,0.0,39.371,4.84,39.443,0.0,74.958,75.068,3.164.85.61,80
www.utorrent.com,0.0,212.774,178.537,212.817,0.0,247.568,247.701,52.222.144.117,80
www.hm.com,0.0,18.035,14.376999999999999,18.078,0.0,30.919999999999998,31.003,23.63.148.9,80
www.infonline.de,0.0,22.811999999999998,1.3780000000000001,22.87,0.0,45.183,45.3,193.46.63.50,80
www.markmonitor.com,0.0,30.629,26.876,30.664,0.0,49.631,51.039,104.18.39.152,80
www.nest.com,0.0,48.659,36.113,48.695,0.0,63.105999999999995,63.162,35.241.20.76,80
www.abovedomains.com,0.0,329.40799999999996,166.18099999999998,329.515,0.0,508.55799999999994,508.72799999999995,103.224.212.217,80
www.onet.pl,0.0,9.241,4.42,9.286000000000001,0.0,33.598000000000006,33.644,18.64.119.3,80
www.economist.com,0.0,75.211,70.518,75.256,0.0,124.215,124.356,104.18.42.19,80
www.weforum.org,0.0,97.262,72.14800000000001,97.316,0.0,128.599,128.749,92.123.198.3,80
www.seznam.cz,0.0,28.441000000000003,5.49,28.528000000000002,0.0,51.858000000000004,51.899,77.75.77.222,80
www.adgrx.com,0.0,227.883,119.28,227.97400000000002,0.0,337.331,337.45399999999995,155.138.144.25,80
www.samsungosp.com,0.0,772.085,602.855,772.183,0.0,947.919,948.101,54.223.16.137,80
www.apple.news,0.0,29.456,25.727,29.513,0.0,410.541,410.62,104.81.14.117,80
www.atlassian.net,0.0,19.064999999999998,4.899,19.107,0.0,33.785000000000004,33.819,185.166.143.38,80
www.umeng.com,0.0,784.227,538.024,784.319,0.0,988.13,988.2959999999999,59.82.112.112,80
www.xn--80aaeeri9a0a.xn--p1ai,0.0,416.165,347.554,416.237,0.0,1501.595,1501.795,31.41.243.60,80
www.pikabu.ru,0.0,26.453999999999997,7.832000000000001,26.49,0.0,144.594,144.7,185.178.210.201,80
www.innovid.com,0.0,21.36,18.162000000000003,21.439,0.0,263.62,263.764,141.193.213.10,80
www.ubnt.com,0.0,181.701,5.337,181.803,0.0,359.18899999999996,359.30600000000004,34.215.110.76,80
www.pccc.com,0.0,296.05199999999996,193.924,296.143,0.0,398.392,398.52,69.171.29.32,80
www.youronlinechoices.com,0.0,74.547,44.876,74.613,0.0,104.351,104.435,40.85.112.191,80
www.exelator.com,0.0,131.231,100.002,131.28300000000002,0.0,165.52700000000002,165.603,54.78.254.47,80
www.instabug.com,0.0,87.72099999999999,63.655,87.80399999999999,0.0,112.05199999999999,112.113,35.152.104.113,80
www.alphonso.tv,0.0,45.961,41.62,46.044000000000004,0.0,337.957,338.09099999999995,141.193.213.11,80
www.skroutz.gr,0.0,9.790999999999999,6.103,9.873,0.0,21.727,23.125,104.18.33.11,80
www.fb.me,0.0,33.901,20.387,33.967999999999996,0.0,47.641000000000005,47.671,157.240.252.35,80
www.character.ai,0.0,16.18,7.538,16.22,0.0,37.072,37.134,104.18.222.226,80
www.corriere.it,0.0,23.580000000000002,6.074000000000001,23.688000000000002,0.0,67.008,67.09,199.232.197.50,80
www.ip-api.com,0.0,32.83,4.579,32.907,0.0,62.958,63.062999999999995,208.95.112.1,80
www.heytapmobi.com,0.0,281.826,106.6,281.88800000000003,0.0,457.49,457.59499999999997,106.3.18.126,80
www.elmundo.es,0.0,37.245,18.457,37.302,0.0,56.641999999999996,56.715,199.232.193.50,80
www.redfin.com,0.0,31.517999999999997,4.724,31.602999999999998,0.0,59.748999999999995,59.805,52.222.201.53,80
www.openstreetmap.org,0.0,18.877000000000002,4.622,18.999,0.0,61.918,62.073,104.21.88.66,80
www.vmware.com,0.0,10.091,5.129,10.182,0.0,50.022999999999996,50.137,172.64.154.75,80
www.mercadolivre.com.br,0.0,42.978,29.405,43.07,0.0,236.108,236.233,3.33.182.45,80
www.rspamd.com,0.0,49.262,17.038,49.386,0.0,81.80900000000001,81.923,135.181.136.158,80
www.badoo.com,0.0,172.27700000000002,146.611,172.321,0.0,200.89000000000001,201.079,31.222.67.112,80
www.xfinity.com,0.0,37.547,33.519,37.669000000000004,0.0,252.762,252.91599999999997,184.51.135.88,80
www.sharethis.com,0.0,77.664,44.165000000000006,77.715,0.0,111.998,112.129,3.164.182.52,80
www.churnzero.net,0.0,136.333,28.854000000000003,136.421,0.0,244.34300000000002,244.435,52.55.146.139,80
www.dribbble.com,0.0,121.412,9.375,121.553,0.0,233.737,233.90800000000002,3.131.150.69,80
www.chess.com,0.0,18.311999999999998,4.14,18.353,0.0,165.52700000000002,165.605,104.18.139.67,80
www.quizlet.com,0.0,17.531000000000002,8.0,17.57,0.0,53.49,53.654,104.16.133.27,80
www.umich.edu,0.0,280.995,276.809,281.07599999999996,0.0,303.01,303.149,172.66.0.37,80
www.ancestry.com,0.0,47.664,43.068000000000005,47.739999999999995,0.0,68.84,70.976,104.18.39.182,80
www.amazon.com.mx,0.0,8.536,5.098,8.626,0.0,13.061,13.174,18.64.104.218,80
www.hotmail.com,0.0,20.148,5.597,20.251,0.0,36.481,36.536,204.79.197.212,80
www.onesignal.com,0.0,224.473,214.659,224.549,0.0,251.354,251.452,104.16.160.145,80
www.shopeemobile.com,0.0,214.923,48.657,215.00900000000001,0.0,381.789,381.966,147.136.141.130,80
www.ovh.net,0.0,62.073,37.881,62.173,0.0,86.284,86.34,54.39.46.56,80
www.166.com,0.0,287.764,73.012,287.892,0.0,502.80100000000004,502.899,59.111.129.134,80
www.binance.com,0.0,10.375,5.5409999999999995,10.416,0.0,15.223,15.291,52.84.150.48,80
www.ebay.de,0.0,9.889999999999999,4.9959999999999996,9.945,0.0,36.12,36.168,104.121.145.87,80
www.mercadolibre.com.ar,0.0,67.665,62.839999999999996,67.71000000000001,0.0,269.137,269.2,15.197.170.90,80
www.eporner.com,0.0,29.054,4.832000000000001,29.15,0.0,54.127,54.254,94.75.220.10,80
www.ryanair.com,0.0,8.58,4.861,8.631,0.0,13.305000000000001,13.372,18.64.119.77,80
www.pexels.com,0.0,13.914,4.189,13.986,0.0,59.29,59.382,104.18.66.220,80
www.cbc.ca,0.0,24.84,20.9,24.927,0.0,37.672999999999995,37.714,104.80.254.188,80
www.theconversation.com,0.0,131.463,113.02199999999999,131.512,0.0,151.659,151.731,151.101.194.132,80
www.vkuseraudio.net,0.0,77.925,43.957,78.0,0.0,112.12700000000001,112.256,87.240.190.64,80
www.business.site,0.0,58.042,40.137,58.1,0.0,176.883,177.028,142.251.143.78,80
www.caixa.gov.br,0.0,23.186,5.7780000000000005,23.249,0.0,263.592,263.764,179.191.182.65,80
www.betweendigital.com,0.0,307.725,264.00800000000004,307.816,0.0,351.95300000000003,352.116,88.212.241.122,80
www.pusher.com,0.0,112.76899999999999,5.106,112.874,0.0,221.219,221.36700000000002,3.235.245.94,80
www.businesswire.com,0.0,13.696,9.861,13.773,0.0,28.635,28.695999999999998,23.63.128.246,80
www.linode.com,0.0,56.674,36.483000000000004,56.785000000000004,0.0,1239.038,1239.158,2.21.133.209,80
www.geeksforgeeks.org,0.0,39.404,10.388,39.491,0.0,70.038,70.127,108.138.192.48,80
www.macys.com,0.0,14.788,10.02,14.855,0.0,327.661,327.78000000000003,104.121.144.162,80
www.agoda.com,0.0,9.325999999999999,5.236,9.386000000000001,0.0,74.387,74.452,104.108.144.113,80
www.wikihow.com,0.0,36.304,18.358,36.403999999999996,0.0,56.393,56.461,151.101.1.91,80
www.si.com,0.0,37.155,9.438,37.25,0.0,65.303,65.42699999999999,108.138.199.78,80
www.pixiv.net,0.0,7.646,4.095,7.743,0.0,228.128,228.252,104.18.42.239,80
www.francetvinfo.fr,0.0,13.459,9.48,13.501000000000001,0.0,23.512,23.57,2.22.231.190,80
www.spankbang.com,0.0,17.124,7.469,17.180999999999997,0.0,37.373000000000005,37.498,104.19.131.98,80
www.interia.pl,0.0,37.352999999999994,5.612,37.438,0.0,69.351,69.429,217.74.75.90,80
www.psychologytoday.com,0.0,56.047,25.111,56.150999999999996,0.0,96.72200000000001,96.846,52.210.253.3,80
www.capcut.com,0.0,25.316000000000003,5.369,25.351,0.0,50.317,50.358,2.21.133.171,80
www.beeline.ru,0.0,162.30700000000002,99.41600000000001,162.406,0.0,340.813,340.95,217.118.87.98,80
www.creditkarma.com,0.0,8.999,5.386,9.053,0.0,35.372,35.441,104.81.10.195,80
www.ecosia.org,0.0,9.097,5.271,9.168000000000001,0.0,37.314,37.403,172.64.150.71,80
www.mongodb.com,0.0,8.675,5.029999999999999,8.796,0.0,12.866000000000001,12.945,18.64.103.51,80
www.samsungelectronics.com,0.0,319.041,4.617,319.156,0.0,613.086,613.204,211.45.27.231,80
www.idnes.cz,0.0,27.921000000000003,4.854,28.022,0.0,51.509,51.565,185.17.117.32,80
www.tagesschau.de,0.0,7.1770000000000005,3.837,7.208,0.0,17.968999999999998,18.006999999999998,23.63.130.218,80
www.chartbeat.com,0.0,115.84400000000001,82.536,115.895,0.0,337.86699999999996,337.935,216.137.52.61,80
www.hostgator.com.br,0.0,17.330000000000002,7.946,17.448999999999998,0.0,165.603,165.715,172.66.43.218,80
www.split.io,0.0,47.29,29.291999999999998,47.400999999999996,0.0,65.843,65.896,151.101.3.9,80
www.marca.com,0.0,22.294999999999998,4.463,22.359,0.0,41.918,41.97,199.232.193.50,80
www.kontur.ru,0.0,113.47,52.931,113.557,0.0,174.498,174.687,46.17.206.11,80
www.xing.com,0.0,25.775,5.929,25.811,0.0,44.898,44.94,109.233.159.64,80
www.leparisien.fr,0.0,15.924000000000001,11.584999999999999,16.005,0.0,32.672,32.728,104.121.76.67,80
www.tplinkcloud.com,0.0,36.966,5.234,37.041,0.0,69.68199999999999,69.819,54.77.141.113,80
www.readthedocs.io,0.0,16.537,7.545,16.570999999999998,0.0,482.08099999999996,482.25600000000003,104.16.253.120,80
www.domainmarket.com,0.0,13.143,8.687999999999999,13.196,0.0,72.797,80.504,172.66.40.121,80
www.fortune.com,0.0,110.24499999999999,75.57,110.32000000000001,0.0,145.55,145.679,52.84.45.48,80
www.akismet.com,0.0,47.568,29.856,47.646,0.0,191.582,191.738,192.0.78.25,80
www.bol.com,0.0,31.702,11.736999999999998,31.784,0.0,222.393,222.50900000000001,2.21.133.139,80
www.dreamhost.com,0.0,52.327,27.393,52.379000000000005,0.0,78.263,78.34299999999999,52.222.201.61,80
www.savvis.net,0.0,331.53,313.542,331.649,0.0,352.696,352.825,45.154.183.34,80
www.freefiremobile.com,0.0,267.049,99.95700000000001,267.122,0.0,435.23499999999996,435.299,202.81.96.4,80
www.segment.io,0.0,185.316,8.645999999999999,185.415,0.0,362.847,362.969,54.201.249.60,80
www.flipkart.com,0.0,207.41899999999998,41.452999999999996,207.47299999999998,0.0,376.142,376.279,103.243.32.90,80
www.poki.com,0.0,21.145,7.0889999999999995,21.221,0.0,82.24,82.304,104.18.143.9,80
www.jimdo.com,0.0,22.509999999999998,5.164000000000001,22.613,0.0,40.908,40.982,151.101.194.2,80
www.gofundme.com,0.0,41.171,6.9030000000000005,41.230000000000004,0.0,124.715,292.19800000000004,3.164.182.98,80
www.trendyol.com,0.0,19.793000000000003,4.577,19.830000000000002,0.0,130.23399999999998,130.398,104.18.174.21,80
www.olx.com.br,0.0,28.479999999999997,23.488,28.543,0.0,57.839,58.833999999999996,104.18.42.220,80
www.coloros.com,0.0,212.714,48.882000000000005,212.77599999999998,0.0,377.111,377.19599999999997,106.3.18.4,80
www.quizizz.com,0.0,92.933,57.561,93.054,0.0,128.62599999999998,128.746,18.161.97.89,80
www.nexusmods.com,0.0,9.726,5.732,9.790000000000001,0.0,22.608,22.691,104.18.42.54,80
www.yale.edu,0.0,129.89000000000001,110.778,129.92600000000002,0.0,149.594,149.66,151.101.2.133,80
www.cloudinary.com,0.0,35.748000000000005,30.936,35.839000000000006,0.0,242.41899999999998,242.568,162.159.138.83,80
www.epicgames.dev,0.0,113.40400000000001,7.119999999999999,113.5,0.0,220.654,220.737,54.84.96.16,80
www.screenrant.com,0.0,146.528,38.517,146.582,0.0,255.31900000000002,255.446,34.202.200.131,80
www.moneycontrol.com,0.0,23.268,18.486,23.334,0.0,266.255,269.288,104.121.145.115,80
www.infobae.com,0.0,15.147,9.896,15.180000000000001,0.0,39.19799999999999,39.244,104.121.76.81,80
www.apa.org,0.0,70.93,58.619,71.019,0.0,83.536,83.581,45.60.46.114,80
www.sportybet.com,0.0,19.037,5.926,19.091,0.0,34.723,34.778999999999996,18.196.168.177,80
www.mastercard.com,0.0,15.966000000000001,12.469,16.011,0.0,54.073,54.129,23.63.143.30,80
www.as.com,0.0,34.825,17.244,34.912,0.0,53.167,53.204,199.232.194.133,80
www.dyndns.org,0.0,454.72499999999997,294.661,454.843,0.0,614.789,614.937,138.1.125.45,80
www.ipify.org,0.0,58.881,25.291,58.916999999999994,0.0,93.163,93.251,54.230.112.80,80
www.evernote.com,0.0,25.124,5.61,25.184,0.0,194.594,194.662,199.232.215.52,80
www.immunet.com,0.0,25.695,20.409,25.746000000000002,0.0,48.779,48.963,104.18.32.154,80
www.uchi.ru,0.0,87.975,74.477,88.044,0.0,332.064,421.887,109.238.90.119,80
www.goal.com,0.0,9.229,5.978,9.273,0.0,14.796,14.833,88.221.221.49,80
www.sportskeeda.com,0.0,8.543999999999999,4.6899999999999995,8.586,0.0,34.241,35.291999999999994,104.18.25.195,80
www.ilovepdf.com,0.0,11.645000000000001,7.194,11.689,0.0,71.024,71.253,172.64.152.170,80
www.surfshark.com,0.0,18.183,8.478,18.296,0.0,78.27000000000001,78.418,104.18.120.34,80
www.rayjump.com,0.0,62.258,27.702,62.346,0.0,102.416,102.893,52.222.144.106,80
www.presage.io,0.0,64.087,29.364,64.126,0.0,100.132,100.267,18.161.111.68,80
www.constantcontact.com,0.0,34.276,20.864,34.361000000000004,0.0,67.45,67.938,104.18.233.105,80
www.abc.net.au,0.0,11.507,7.589,11.584000000000001,0.0,23.639,23.705000000000002,104.80.250.116,80
www.terra.com.br,0.0,184.18200000000002,163.75300000000001,184.272,0.0,322.483,322.57599999999996,92.123.74.56,80
www.bfmtv.com,0.0,68.803,34.677,68.87899999999999,0.0,103.864,103.961,3.160.188.90,80
www.bitdefender.net,0.0,33.591,24.077,33.662,0.0,61.115,61.281,104.17.107.108,80
www.eepurl.com,0.0,69.882,66.13900000000001,69.985,0.0,522.438,522.568,23.63.143.99,80
www.no-ip.com,0.0,184.847,22.146,184.923,0.0,347.931,347.986,158.247.7.199,80
www.biomedcentral.com,0.0,260.915,242.431,261.007,0.0,281.451,281.643,151.101.0.95,80
www.plos.org,0.0,15.735,10.633999999999999,15.817999999999998,0.0,252.62400000000002,252.794,162.159.134.42,80
www.gsmarena.com,0.0,33.389,4.912,33.458,0.0,52.466,52.573,148.251.96.211,80
www.frontiersin.org,0.0,19.806,5.131,19.868,0.0,63.42100000000001,63.480999999999995,13.107.246.44,80
www.meethue.com,0.0,17.672,4.777,17.77,0.0,31.903000000000002,31.965,34.120.225.113,80
www.ox.ac.uk,0.0,37.949,28.326,38.003,0.0,106.889,107.003,104.22.48.74,80
www.news18.com,0.0,103.59,99.452,103.681,0.0,115.47300000000001,115.51899999999999,104.121.145.115,80
www.digitaloceanspaces.com,0.0,14.203999999999999,10.407,14.27,0.0,182.485,182.606,104.18.42.227,80
www.coupang.com,0.0,26.774,22.512,26.816,0.0,236.844,236.96800000000002,104.121.145.138,80
www.letterboxd.com,0.0,17.732000000000003,7.4590000000000005,17.788999999999998,0.0,355.55199999999996,355.707,104.22.63.94,80
www.ouest-france.fr,0.0,65.04400000000001,60.891,65.084,0.0,198.215,198.34099999999998,23.63.120.35,80
www.newyorker.com,0.0,38.425000000000004,4.976,38.478,0.0,72.802,72.889,54.230.112.116,80
www.nic.do,0.0,171.94799999999998,9.086,172.025,0.0,335.738,335.912,190.113.72.169,80
www.agora.io,0.0,60.208999999999996,56.029,60.278999999999996,0.0,65.388,65.488,3.160.39.25,80
www.jd.com,0.0,24.829,5.98,24.932,0.0,47.599000000000004,47.678,163.171.132.119,80
www.cloud.com,0.0,66.905,62.227,66.99,0.0,91.31400000000001,91.36,23.63.139.199,80
www.quillbot.com,0.0,12.396,8.475999999999999,12.501999999999999,0.0,27.720000000000002,27.857,172.64.151.4,80
www.curseforge.com,0.0,21.296,5.829,21.339,0.0,63.86600000000001,63.947,104.17.29.3,80
www.ubi.com,0.0,190.778,86.00399999999999,190.866,0.0,296.178,296.31600000000003,35.169.101.66,80
www.psu.edu,0.0,511.47200000000004,477.156,511.55899999999997,0.0,548.886,549.0319999999999,18.161.97.76,80
www.clarin.com,0.0,9.792,5.590999999999999,9.851,0.0,62.428,62.525999999999996,104.18.7.141,80
www.n-tv.de,0.0,39.864,6.98,39.919999999999995,0.0,97.51,97.594,3.160.196.52,80
www.marketwatch.com,0.0,64.788,30.644000000000002,64.883,0.0,99.983,100.06099999999999,54.230.112.29,80
www.aparat.com,0.0,103.247,4.760999999999999,103.367,0.0,202.443,202.50199999999998,185.147.178.12,80
www.google.ru,0.0,20.788999999999998,4.35,20.846,0.0,88.64800000000001,105.47099999999999,142.251.143.35,80
www.beget.com,0.0,183.377,125.646,183.506,0.0,242.048,242.19299999999998,193.168.47.254,80
www.getpocket.com,0.0,72.297,37.18,72.377,0.0,108.454,108.57,3.164.182.4,80
www.statuspage.io,0.0,122.846,18.032,122.989,0.0,229.575,229.662,104.192.142.22,80
www.python.org,0.0,24.299,6.478000000000001,24.386000000000003,0.0,42.858,42.948,151.101.192.223,80
www.gdemoideti.ru,0.0,89.848,73.333,89.96300000000001,0.0,107.215,107.317,159.69.174.210,80
www.finn.no,0.0,40.52,4.531999999999999,40.599000000000004,0.0,308.873,308.933,35.228.105.46,80
www.dmm.co.jp,0.0,98.042,63.788,98.09,0.0,734.911,735.0459999999999,3.164.81.51,80
www.lanacion.com.ar,0.0,11.487,7.812,11.613999999999999,0.0,28.250999999999998,28.314,104.121.76.67,80
www.ameba.jp,0.0,3525.059,3507.058,3525.153,0.0,4808.529,6299.985000000001,199.232.209.91,80
www.vivo.com,0.0,491.18600000000004,477.057,491.29499999999996,0.0,506.14000000000004,506.304,8.209.72.150,80
www.datadome.co,0.0,74.03,40.842000000000006,74.099,0.0,108.02499999999999,108.14,46.51.149.144,80
www.aftonbladet.se,0.0,94.533,90.298,94.579,0.0,99.29599999999999,99.378,18.64.103.95,80
www.20minutos.es,0.0,57.903999999999996,23.793000000000003,57.985,0.0,93.673,93.82799999999999,3.164.182.22,80
www.wps.com,0.0,72.545,68.762,72.619,0.0,77.33500000000001,77.49799999999999,18.64.119.95,80
www.docomo.ne.jp,0.0,1007.1699999999998,745.676,1007.23,0.0,1270.5249999999999,1270.748,202.238.194.76,80
www.kleinanzeigen.de,0.0,24.389,4.404,24.473000000000003,0.0,58.866,58.937000000000005,2.21.133.187,80
www.apkpure.com,0.0,40.552,30.537000000000003,40.622,0.0,72.666,72.784,172.67.8.127,80
www.leboncoin.fr,0.0,9.429,5.3309999999999995,9.461,0.0,14.666,14.745,18.66.2.12,80
www.dw.com,0.0,8.33,4.021,8.411999999999999,0.0,77.018,77.107,184.51.135.176,80
www.amazon.com.tr,0.0,8.93,4.702999999999999,9.018999999999998,0.0,13.933,14.024,3.160.39.61,80
www.hulu.com,0.0,137.95499999999998,117.503,138.067,0.0,711.427,711.544,2.21.133.203,80
www.elconfidencial.com,0.0,145.382,116.87100000000001,145.503,0.0,175.4,175.474,138.199.44.209,80
www.archiveofourown.org,0.0,16.728,6.776,16.795,0.0,155.298,155.469,104.20.29.24,80
www.dafont.com,0.0,30.424,4.843,30.487000000000002,0.0,56.689,56.784,87.98.168.164,80
www.udn.com,0.0,217.42600000000002,212.48600000000002,217.48000000000002,0.0,246.866,246.91,23.63.122.47,80
www.ad.nl,0.0,42.285000000000004,37.672999999999995,42.369,0.0,60.857,60.888,2.22.231.148,80
www.onedrive.com,0.0,23.453000000000003,4.2909999999999995,23.529,0.0,43.126999999999995,43.194,20.101.246.164,80
www.asu.edu,0.0,71.143,52.482,71.229,0.0,360.63800000000003,360.697,151.101.2.133,80
www.olx.pl,0.0,10.447,5.074000000000001,10.561,0.0,15.558,15.706999999999999,3.162.79.30,80
www.bmj.com,0.0,76.432,71.46600000000001,76.519,0.0,196.715,196.843,104.18.32.115,80
www.telegraaf.nl,0.0,10.923,6.433000000000001,10.961,0.0,26.919999999999998,26.974,172.64.153.85,80
www.vg.no,0.0,31.661,8.123999999999999,31.764,0.0,55.870000000000005,55.925000000000004,195.88.54.16,80
www.india.com,0.0,42.421,38.010000000000005,42.484,0.0,72.25800000000001,72.315,2.22.231.155,80
www.wise.com,0.0,13.05,8.826,13.100999999999999,0.0,51.005,51.161,172.64.148.140,80
www.coursera.org,0.0,39.439,6.168,39.495000000000005,0.0,73.34599999999999,73.494,3.164.85.20,80
www.flashscore.com,0.0,18.526999999999997,5.827999999999999,18.582,0.0,38.254000000000005,38.330000000000005,34.96.84.62,80
www.sahibinden.com,0.0,12.576,8.586,12.607999999999999,0.0,23.489,24.579,172.64.154.73,80
www.nu.nl,0.0,10.751,6.587,10.799,0.0,30.68,30.726,2.22.231.154,80
www.hltv.org,0.0,14.553,11.119,14.644,0.0,22.961,24.269,104.18.41.212,80
www.spot.im,0.0,147.0,40.844,147.15200000000002,0.0,253.57200000000003,253.75799999999998,35.171.130.58,80
www.pornpics.com,0.0,105.749,5.95,105.85,0.0,206.245,206.33499999999998,213.174.149.177,80
www.upenn.edu,0.0,40.412,22.743,40.48800000000001,0.0,59.344,59.385,151.101.66.133,80
www.blizzard.com,0.0,38.488,6.87,38.562,0.0,74.218,74.327,46.51.207.65,80
www.wowhead.com,0.0,38.311,4.979,38.371,0.0,72.627,72.77,3.160.188.118,80
www.tabelog.com,0.0,355.56,97.413,355.653,0.0,614.979,615.1659999999999,219.100.44.49,80
www.rule34.xxx,0.0,19.614,9.479,19.695,0.0,44.4,45.628,104.22.18.113,80
www.betano.com,0.0,13.235999999999999,9.121,13.299,0.0,282.74100000000004,282.95300000000003,104.18.34.41,80
www.jw.org,0.0,89.952,68.669,90.0,0.0,10131.319,10131.442,92.122.78.123,80
www.rightmove.co.uk,0.0,31.99,5.084,32.04,0.0,59.278999999999996,59.314,185.220.161.23,80
www.itmedia.co.jp,0.0,788.745,529.31,788.803,0.0,1050.681,1050.849,54.64.50.158,80
www.boyfriendtv.com,0.0,15.710999999999999,4.8919999999999995,15.754000000000001,0.0,51.532000000000004,51.642,172.67.9.47,80
www.nhentai.net,0.0,16.948,6.33,17.034,0.0,39203.462999999996,39203.622,104.27.206.92,80
www.zdnet.com,0.0,23.251,5.2170000000000005,23.286,0.0,42.0,42.092999999999996,199.232.194.154,80
www.jstor.org,0.0,23.436,5.475,23.52,0.0,42.446,42.609,151.101.0.152,80
www.hurriyet.com.tr,0.0,24.756,5.609,24.862,0.0,44.790000000000006,44.93,89.187.169.43,80
www.cdek.ru,0.0,68.982,54.099000000000004,69.088,0.0,85.653,85.80799999999999,91.206.127.236,80
www.xhamster.desi,0.0,21.978,7.742,22.069,0.0,225.982,226.107,172.67.202.84,80
www.vnexpress.net,0.0,470.388,220.53300000000002,470.454,0.0,720.611,720.7249999999999,111.65.249.59,80
www.ixl.com,0.0,9.844999999999999,6.407,9.889999999999999,0.0,439.975,440.07099999999997,104.18.191.254,80
www.irs.gov,0.0,127.726,34.261,127.775,0.0,228.358,228.41400000000002,23.209.72.203,80
www.notion.so,0.0,10.235,5.314,10.274999999999999,0.0,32.266999999999996,32.344,172.64.148.154,80
www.espncricinfo.com,0.0,48.091,43.988,48.224999999999994,0.0,91.344,91.399,2.22.240.200,80
www.dns-shop.ru,0.0,22.821,5.431,22.877000000000002,0.0,40.594,40.69,185.65.148.196,80
www.remove.bg,0.0,9.691999999999998,5.423,9.77,0.0,26.776999999999997,26.855,104.18.34.156,80
www.auvik.com,0.0,14.328999999999999,10.024999999999999,14.402999999999999,0.0,310.114,310.278,141.193.213.20,80
www.ynet.co.il,0.0,14.290000000000001,10.523,14.382000000000001,0.0,26.630000000000003,26.695,104.81.13.193,80
www.faphouse.com,0.0,12.269,8.415000000000001,12.426,0.0,104.13799999999999,104.26100000000001,172.64.151.237,80
www.kwimgs.com,0.0,605.571,366.459,605.645,0.0,1099.231,1099.807,103.107.217.18,80
www.zoom.com,0.0,8.042,4.766,8.073,0.0,29.145,29.232,170.114.78.80,80
www.ertelecom.ru,0.0,90.53,76.70200000000001,90.613,0.0,107.667,107.774,91.221.164.66,80
www.studocu.com,0.0,37.022,5.5329999999999995,37.083999999999996,0.0,69.14399999999999,69.316,99.80.39.60,80
www.vice.com,0.0,23.677,6.96,23.736,0.0,41.412,41.564,192.0.66.177,80
www.cricbuzz.com,0.0,34.981,15.593,35.071999999999996,0.0,68.61,68.66600000000001,2.21.133.179,80
www.sportingbet.com,0.0,56.921,42.65,56.964,0.0,343.793,356.871,104.16.99.49,80
www.mercadolibre.com.mx,0.0,180.233,145.568,180.29700000000003,0.0,215.308,215.464,52.222.144.106,80
www.fb.watch,0.0,34.916000000000004,21.65,34.952999999999996,0.0,48.776,48.807,157.240.252.10,80
www.gazzetta.it,0.0,22.384999999999998,4.834,22.466,0.0,51.333,51.381,199.232.198.133,80
www.varzesh3.com,0.0,60.074000000000005,5.821,60.161,0.0,114.459,114.521,185.143.233.120,80
www.cookpad.com,0.0,68.58200000000001,35.095,68.685,0.0,132.89000000000001,132.948,216.137.52.23,80
www.furaffinity.net,0.0,14.31,5.093,14.353,0.0,39.97,40.096,172.67.40.182,80
www.blooket.com,0.0,23.807,6.038,23.885,0.0,142.987,143.104,185.199.108.153,80
www.acesso.gov.br,0.0,613.305,406.829,613.377,0.0,819.757,819.804,189.9.177.20,80
www.digikala.com,0.0,92.262,65.641,92.3,0.0,119.38300000000001,119.55,185.188.105.10,80
www.magazineluiza.com.br,0.0,366.65500000000003,349.02,366.728,0.0,387.787,387.91999999999996,179.191.182.65,80
www.fdown.net,0.0,24.105,14.73,24.145,0.0,51.18000000000001,51.515,104.26.6.202,80
www.excite.co.jp,0.0,258.005,224.89600000000002,258.11400000000003,0.0,292.372,292.44,18.161.97.25,80
www.trustarc.com,0.0,46.493,41.997,46.537,0.0,215.21599999999998,215.273,141.193.213.21,80
www.ixbt.com,0.0,27.634,7.9670000000000005,27.722,0.0,60.344,60.433,91.208.42.67,80
www.bet365.com,0.0,12.014000000000001,5.33,12.049000000000001,0.0,60.289,60.41,5.226.179.10,80
www.dhl.com,0.0,16.653000000000002,12.031,16.715,0.0,2034.815,2034.897,104.81.1.67,80
www.sciencedaily.com,0.0,72.041,38.781000000000006,72.129,0.0,107.24000000000001,107.345,3.164.182.10,80
www.livescore.com,0.0,16.451,4.4159999999999995,16.497,0.0,30.518,30.602,34.117.66.109,80
www.txnhh.com,0.0,7.194,3.914,7.289000000000001,0.0,58.09,58.15,172.64.149.22,80
www.meetup.com,0.0,54.368,36.966,54.458,0.0,73.056,73.131,151.101.2.217,80
www.missav.com,0.0,17.214,7.882999999999999,17.311,0.0,53.405,54.559999999999995,104.26.14.15,80
www.xvv1deos.com,0.0,8.465,5.085,8.505,0.0,55.759,55.834,104.18.32.65,80
www.youporn.com,0.0,25.204,5.257000000000001,25.238,0.0,46.778,46.818,66.254.114.79,80
www.zhihu.com,0.0,40.051,19.604,40.143,0.0,61.98,62.038999999999994,43.175.162.100,80
www.lichess.org,0.0,32.08,4.8580000000000005,32.164,0.0,59.443999999999996,59.598,37.187.205.99,80
www.fanfiction.net,0.0,9.495,4.988,9.533,0.0,24.058,24.119999999999997,104.18.19.242,80
www.divar.ir,0.0,43.41,27.311,43.5,0.0,63.95000000000001,64.083,185.166.104.3,80
www.mundodeportivo.com,0.0,35.352000000000004,16.240000000000002,35.435,0.0,56.038,56.088,23.218.49.44,80
www.ddns.net,0.0,183.782,22.166999999999998,183.938,0.0,344.645,344.719,158.247.7.206,80
www.fetlife.com,0.0,27.154,23.162,27.205,0.0,62.945,63.072,104.18.2.224,80
www.tencent.com,0.0,24.187,4.965,24.222,0.0,45.129000000000005,45.18,43.159.119.252,80
www.ukr.net,0.0,17.875,5.57,17.971,0.0,57.209999999999994,57.277,35.186.218.67,80
www.cox.net,0.0,241.341,121.23599999999999,241.446,0.0,364.0,364.06,98.182.1.143,80
www.esportesdasorte.com,0.0,59.576,25.658,59.662,0.0,94.503,94.685,52.222.144.13,80
www.mhverifier.ru,0.0,230.45399999999998,186.045,230.52,0.0,632.848,633.0219999999999,89.108.117.48,80
www.rule34video.com,0.0,29.608,9.212,29.648999999999997,0.0,51.396,51.46,190.115.31.243,80
www.marktplaats.nl,0.0,60.461,26.05,60.562999999999995,0.0,96.058,96.21300000000001,54.230.112.17,80
www.tribunnews.com,0.0,161.855,41.546,161.956,0.0,282.823,282.972,18.66.161.73,80
www.areteup.com,0.0,190.49699999999999,175.012,190.62599999999998,0.0,588.272,588.461,163.171.128.241,80
www.betnacional.com,0.0,39.656,29.211000000000002,39.733,0.0,82.387,82.52900000000001,104.18.19.131,80
www.livedoor.com,0.0,273.389,25.85,273.493,0.0,524.251,524.3879999999999,147.92.184.22,80
www.redtube.com,0.0,23.811,5.019,23.886,0.0,43.492999999999995,43.547000000000004,66.254.114.238,80
www.hepsiburada.com,0.0,54.632,44.974,54.731,0.0,75.69,75.793,104.121.146.44,80
www.7games.bet,0.0,12.248999999999999,8.084,12.327,0.0,35.538,36.074000000000005,104.18.35.141,80
www.fr.de,0.0,26.409,4.923,26.46,0.0,49.077999999999996,49.144,91.234.30.212,80
www.indiamart.com,0.0,37.568,24.41,37.657999999999994,0.0,260.602,260.741,35.190.37.46,80
www.hln.be,0.0,15.218,11.124,15.318999999999999,0.0,36.272999999999996,36.338,2.22.240.9,80
www.mashable.com,0.0,11.059,7.5329999999999995,11.114,0.0,45.937,46.129999999999995,104.18.42.17,80
www.tabor.ru,0.0,66.28699999999999,9.623,66.38199999999999,0.0,123.152,123.269,185.12.125.94,80
www.strpst.com,0.0,19.677,10.494,19.782999999999998,0.0,72.381,72.5,104.17.11.106,80
www.richaudience.com,0.0,99.982,56.217000000000006,100.059,0.0,144.94299999999998,144.998,62.36.229.31,80
www.ucla.edu,0.0,238.85700000000003,202.574,238.933,0.0,274.705,274.8,3.160.196.26,80
www.googleapis.cn,0.0,21.916999999999998,4.008,21.984,0.0,141.563,141.708,142.251.143.35,80
www.lwsdns.com,0.0,118.608,88.0,118.717,0.0,153.59300000000002,182.052,185.98.131.143,80
www.umn.edu,0.0,239.014,120.474,239.11499999999998,0.0,362.35,362.505,134.84.223.68,80
www.megafon.ru,0.0,103.795,40.201,103.878,0.0,168.022,168.118,85.26.148.161,80
www.idealista.com,0.0,22.388,5.027,22.44,0.0,40.729,40.766,199.232.198.137,80
www.milliyet.com.tr,0.0,75.136,16.644,75.214,0.0,134.17399999999998,134.314,195.244.33.246,80
www.ebay.it,0.0,23.226,19.911,23.319,0.0,107.08,107.169,104.121.145.87,80
www.nic.io,0.0,133.082,128.298,133.153,0.0,334.035,334.195,75.2.38.108,80
www.pluto.tv,0.0,140.721,37.753,140.861,0.0,245.688,245.726,34.236.196.184,80
www.meesho.com,0.0,84.545,64.207,84.619,0.0,472.871,472.922,2.21.133.242,80
www.argos.co.uk,0.0,15.647999999999998,11.468,15.727000000000002,0.0,100.991,101.142,2.22.240.99,80
www.cnnbrasil.com.br,0.0,57.043000000000006,41.282,57.131,0.0,73.52300000000001,73.619,192.0.66.182,80
www.merkur.de,0.0,24.823,3.702,24.858999999999998,0.0,58.653999999999996,58.717,193.218.202.89,80
www.4chan.org,0.0,15.995,6.326,16.099,0.0,45.566,45.678000000000004,104.19.142.99,80
www.calculator.net,0.0,97.79400000000001,4.433000000000001,97.881,0.0,193.456,194.87699999999998,69.10.42.201,80
www.ladepeche.fr,0.0,43.437000000000005,4.942,43.485,0.0,82.13900000000001,82.193,212.95.74.60,80
www.coomer.su,0.0,74.641,55.498,74.693,0.0,96.508,96.588,190.115.31.47,80
www.about.com,0.0,415.279,392.849,415.409,0.0,468.489,468.66799999999995,151.101.2.137,80
www.coolmathgames.com,0.0,24.808,20.232,24.835,0.0,54.382,54.504999999999995,172.64.151.96,80
www.makemytrip.com,0.0,27.201,22.547,27.289,0.0,39.653,39.786,88.221.221.49,80
www.spectrum.com,0.0,142.435,138.299,142.538,0.0,1161.423,1161.568,23.63.121.22,80
